type,title,release_year
Movie,21,2008
Movie,1920,2008
Movie,"10,000 B.C.",2008
Movie,2 Alone in Paris,2008
Movie,A Very Special Love,2008
Movie,A Wednesday,2008
Movie,Aamir,2008
Movie,Afterschool,2008
Movie,Andaleeb El Dokki,2008
Movie,Because of Soccer,2008
Movie,Bedtime Stories,2008
Movie,Berlin Calling,2008
Movie,Bleach The Movie: Fade to Black,2008
Movie,Bolt,2008
Movie,Boushkash,2008
Movie,C Kkompany,2008
Movie,Caregiver,2008
Movie,Cloverfield,2008
Movie,Colours of Passion,2008
Movie,Contract,2008
Movie,Defiance,2008
Movie,Dostana,2008
Movie,Doubt,2008
Movie,EMI: Liya Hai To Chukana Padega,2008
Movie,Fashion,2008
Movie,Figaro Pho,2008
Movie,Flash of Genius,2008
Movie,Four Christmases,2008
Movie,Frozen River,2008
Movie,Garfield's Fun Fest,2008
Movie,Get Smart,2008
Movie,Gina Yashere: Skinny B*tch,2008
Movie,Golmaal Returns,2008
Movie,Gran Torino,2008
Movie,Harold & Kumar Escape from Guantanamo Bay,2008
Movie,Holy Man 2,2008
Movie,Igor,2008
Movie,Indiana Jones and the Kingdom of the Crystal Skull,2008
Movie,Inkheart,2008
Movie,Interview with a Serial Killer,2008
Movie,Ip Man,2008
Movie,Jaane Tu... Ya Jaane Na,2008
Movie,Jeff Dunham's Very Special Christmas Special,2008
Movie,Jodhaa Akbar,2008
Movie,Karzzzz,2008
Movie,Kismat Konnection,2008
Movie,Mad Money,2008
Movie,Madagascar: Escape 2 Africa,2008
Movie,Menahi,2008
Movie,Mike Birbiglia: What I Should Have Said Was Nothing: Tales from My Secret Public Journal,2008
Movie,Milk,2008
Movie,Mission Istaanbul: Darr Ke Aagey Jeet Hai,2008
Movie,Monty Python Conquers America,2008
Movie,Mumbai Meri Jaan,2008
Movie,My Sleeping Lover,2008
Movie,Naruto Shipp√ªden the Movie: Bonds,2008
Movie,Nights in Rodanthe,2008
Movie,Oye Lucky! Lucky Oye!,2008
Movie,Pineapple Express,2008
Movie,Pocoyo & The Space Circus,2008
Movie,Prom Night,2008
Movie,Quantum of Solace,2008
Movie,R.L. Stine's Mostly Ghostly,2008
Movie,Race,2008
Movie,Rachel Getting Married,2008
Movie,Real Crime: Diamond Geezers,2008
Movie,Revolutionary Road,2008
Movie,Righteous Kill,2008
Movie,Rock On!!,2008
Movie,Sanai Choughade,2008
Movie,Sat Sri Akal,2008
Movie,Set Off,2008
Movie,Seven Pounds,2008
Movie,Sex and the City: The Movie,2008
Movie,Sex Drive,2008
Movie,Shaurya: It Takes Courage to Make Right... Right,2008
Movie,Smart People,2008
Movie,Sorry To Disturb,2008
Movie,Step Brothers,2008
Movie,Tahaan,2008
Movie,The Beast Stalker,2008
Movie,The Boy in the Striped Pajamas,2008
Movie,The Forbidden Kingdom,2008
Movie,The Haunting of Molly Hartley,2008
Movie,The Longshots,2008
Movie,The Love Guru,2008
Movie,The Only Mother To You All,2008
Movie,The Rainbow Troops,2008
Movie,The Spiderwick Chronicles,2008
Movie,Tim Minchin: So F**king Rock,2008
Movie,Trailer Park Boys: Say Goodnight to the Bad Guys,2008
Movie,Traitor,2008
Movie,Tyson,2008
Movie,Ugly Aur Pagli,2008
Movie,Vantage Point,2008
Movie,Verses of Love,2008
Movie,Welcome to Sajjanpur,2008
Movie,Wild Child,2008
Movie,Y.M.I.: Yeh Mera India,2008
Movie,Yes Man,2008
Movie,You Don't Mess with the Zohan,2008
Movie,Zack and Miri Make a Porno,2008
