type,title,duration
Movie,100% Halal,101
Movie,13TH,101
Movie,2307: Winter's Dream,101
Movie,A Choo,101
Movie,A Dangerous Woman,101
Movie,About a Boy,101
Movie,All About Nina,101
Movie,American Circumcision,101
Movie,Asphalt Burning,101
Movie,Axone,101
Movie,Babamın Ceketi,101
Movie,Barbecue,101
Movie,Calibre,101
Movie,Can't Hardly Wait,101
Movie,Chopsticks,101
Movie,Christmas Survival,101
Movie,Coraline,101
Movie,"Crouching Tiger, Hidden Dragon: Sword of Destiny",101
Movie,Dedemin Fisi,101
Movie,Delhi Belly,101
Movie,Exit Wounds,101
Movie,Fifty,101
Movie,Gaga: Five Foot Two,101
Movie,Get Me Roger Stone,101
Movie,Ghadi,101
Movie,Gimme Shelter,101
Movie,GODZILLA City on the Edge of Battle,101
Movie,Good and Prosperous,101
Movie,Good Time,101
Movie,Hükümet Kadin 2,101
Movie,Harold & Kumar Escape from Guantanamo Bay,101
Movie,Hotel for Dogs,101
Movie,House at the End of the Street,101
Movie,Hunt for the Wilderpeople,101
Movie,In Darkness,101
Movie,Indian Horse,101
Movie,It Takes Two,101
Movie,It's Fine,101
Movie,Jai Mummy Di,101
Movie,Jonathan,101
Movie,Joy,101
Movie,Just Another Christmas,101
Movie,Kara Bela,101
Movie,Kisaan,101
Movie,Lady Bloodfight,101
Movie,Laerte-se,101
Movie,Legendary Weapons of China,101
Movie,Love for Sale,101
Movie,Love Wedding Repeat,101
Movie,Macho,101
Movie,Mama's Boy,101
Movie,Menahi,101
Movie,Monster-in-Law,101
Movie,My Way,101
Movie,Nang Nak,101
Movie,Natural Selection,101
Movie,Omar & Salma 2,101
Movie,Once Again,101
Movie,Otherhood,101
Movie,Rebirth,101
Movie,Righteous Kill,101
Movie,Rise: Ini Kalilah,101
Movie,Secret,101
Movie,Shortcut Safari,101
Movie,Sin City,101
Movie,Sleeping with Other People,101
Movie,Sometimes,101
Movie,Special Correspondents,101
Movie,Starsky & Hutch,101
Movie,Sword Masters: Two Champions of Shaolin,101
Movie,Tatu,101
Movie,The Arbitration,101
Movie,The Artist,101
Movie,The Bad Kids,101
Movie,The Bleeding Edge,101
Movie,The Body,101
Movie,The Chord,101
Movie,The Confirmation,101
Movie,The Craft,101
Movie,The D Train,101
Movie,The Flying Guillotine,101
Movie,The Girl from the Song,101
Movie,The Green Inferno,101
Movie,The Heartbreak Club,101
Movie,The Interview,101
Movie,The Laws of Thermodynamics,101
Movie,The Rolling Stones: Olé Olé Olé! A Trip Across Latin America,101
Movie,The Wedding Curse,101
Movie,The Wedding Party,101
Movie,The World Is Yours,101
Movie,Tremors 4: The Legend Begins,101
Movie,Vincent N Roxxy,101
Movie,We Can Be Heroes,101
Movie,Woodshock,101
Movie,XXX: State of the Union,101
Movie,Zack and Miri Make a Porno,101
Movie,#FriendButMarried,102
Movie,16 Blocks,102
Movie,17 Again,102
Movie,A Futile and Stupid Gesture,102
Movie,A Walk to Remember,102
Movie,Alejandro Sanz: What I Was Is What I Am,102
Movie,All Because of You,102
Movie,American Psycho,102
Movie,And Breathe Normally,102
Movie,Attacking the Devil: Harold Evans and the Last Nazi War Crime,102
Movie,Backdraft 2,102
Movie,Bayonet,102
Movie,Bending the Arc,102
Movie,Beynelmilel,102
Movie,Blitz Patrollie,102
Movie,Bollywood Calling,102
Movie,Bratz: The Movie,102
Movie,Burning Sands,102
Movie,Chameli,102
Movie,Clair Obscur,102
Movie,Crazy Awesome Teachers,102
Movie,Düğün Dernek,102
Movie,Deliha,102
Movie,Deliha 2,102
Movie,Dhobi Ghat (Mumbai Diaries),102
Movie,DTC Yukemuri Junjo Hen From High & Low,102
Movie,Eggnoid: Love & Time Portal,102
Movie,Elstree 1976,102
Movie,Equals,102
Movie,Evening Shadows,102
Movie,Evolution,102
Movie,Fandry,102
Movie,First Kill,102
Movie,Flimflam,102
Movie,"Game Over, Man!",102
Movie,Goon: Last of the Enforcers,102
Movie,Green White Green (And All the Beautiful Colours in My Mosaic of Madness),102
Movie,Hell or High Water,102
Movie,Holy Man 3,102
Movie,Hot Sweet Sour,102
Movie,How to Train Your Dragon 2,102
Movie,I Am Michael,102
Movie,In the Tall Grass,102
Movie,Into the Forest,102
Movie,Isa Pa with Feelings,102
Movie,Jimi Hendrix,102
Movie,Kids on the Block,102
Movie,Little Monsters,102
Movie,"Live Twice, Love Once",102
Movie,Lucid Dream,102
Movie,Mad World,102
Movie,Mi amigo Alexis,102
Movie,MILF,102
Movie,Miss Virginia,102
Movie,Mr. Gaga: A True Story of Love and Dance,102
Movie,Music Teacher,102
Movie,My Girl,102
Movie,Naruto Shippuden : Blood Prison,102
Movie,Niyazi Gül Dörtnala,102
Movie,No One Will Ever Know,102
Movie,Now and Then,102
Movie,O Silêncio do Céu,102
Movie,"Oh, Hello On Broadway",102
Movie,Oklahoma City,102
Movie,One More Try,102
Movie,Outlawed,102
Movie,Peppermint,102
Movie,Pizza,102
Movie,Posesif,102
Movie,Psychokinesis,102
Movie,Retablo,102
Movie,Revenger,102
Movie,Sarah's Key,102
Movie,Scorpion King 5: Book of Souls,102
Movie,Sen Kimsin?,102
Movie,Seventh Son,102
Movie,Tanda Tanya,102
Movie,Ten Years,102
Movie,The Babysitter: Killer Queen,102
Movie,The Bar,102
Movie,The Bros,102
Movie,The Cloverfield Paradox,102
Movie,The Crow,102
Movie,The Discovery,102
Movie,The Influence,102
Movie,The Most Assassinated Woman in the World,102
Movie,The Princess Switch,102
Movie,The Rehearsal,102
Movie,To All the Boys: P.S. I Still Love You,102
Movie,Trailer Park Boys: Countdown to Liquor Day,102
Movie,Tremors: Shrieker Island,102
Movie,Tusk,102
Movie,Twins Mission,102
Movie,Under the Riccione Sun,102
Movie,What a Wonderful Family!,102
Movie,What Happened to Mr. Cha?,102
Movie,Whose Streets?,102
Movie,Wish You,102
Movie,1922,103
Movie,6-5=2,103
Movie,A Wednesday,103
Movie,Alone in Berlin,103
Movie,Alone/Together,103
Movie,Along Came a Spider,103
Movie,Amandla! A Revolution in Four Part Harmony,103
Movie,Angel Eyes,103
Movie,Bana Masal Anlatma,103
Movie,BASEketball,103
Movie,Big Stone Gap,103
Movie,Budapest,103
Movie,Buddies,103
Movie,Buffalo Boys,103
Movie,Capital in the Twenty-First Century,103
Movie,Class Rank,103
Movie,Couple of Days,103
Movie,Dad Wanted,103
Movie,Dagh Ujala,103
Movie,Danny Says,103
Movie,Dragon Quest Your Story,103
Movie,Dragonheart,103
Movie,Edge of Seventeen,103
Movie,Enter the Dragon,103
Movie,Even the Rain,103
Movie,Exes Baggage,103
Movie,Expelled from Paradise,103
Movie,Eyyvah Eyyvah 3,103
Movie,Ferris Bueller's Day Off,103
Movie,First Match,103
Movie,Freeway: Crack in the System,103
Movie,Gerald's Game,103
Movie,Get Santa,103
Movie,"Girl, Boy, Bakla, Tomboy",103
Movie,Go Karts,103
Movie,God Knows Where I Am,103
Movie,Good Kill,103
Movie,Holy Hell,103
Movie,Hridaynath,103
Movie,Immoral Tales,103
Movie,In Search of Fellini,103
Movie,Incir Receli 2,103
Movie,Insidious,103
Movie,Jarhead: Law of Return,103
Movie,Jeremiah Tower: The Last Magnificent,103
Movie,Kills on Wheels,103
Movie,"Les Bleus - Une autre histoire de France, 1996-2016",103
Movie,Listen,103
Movie,Loco Love,103
Movie,Love In A Puff,103
Movie,Love O2O,103
Movie,"Love, Rosie",103
Movie,Mandobasar Galpo,103
Movie,Mary and the Witch's Flower,103
Movie,Mere Pyare Prime Minister,103
Movie,Message from the King,103
Movie,Mosul,103
Movie,Needhi Singh,103
Movie,No Other Woman,103
Movie,Nobody Sleeps in the Woods Tonight,103
Movie,Oh My Ghost 2,103
Movie,Oh My Ghost 3,103
Movie,Oththa Seruppu Size 7,103
Movie,Our Shining Days,103
Movie,Our Souls at Night,103
Movie,Project Marathwada,103
Movie,Radium Girls,103
Movie,Ringan,103
Movie,Rocco,103
Movie,Rogue Warfare,103
Movie,Rukh,103
Movie,SETHUM AAYIRAM PON,103
Movie,Sex Doll,103
Movie,Shine Your Eyes,103
Movie,St. Agatha,103
Movie,Survivors Guide to Prison,103
Movie,Tall Girl,103
Movie,Tee Shot: Ariya Jutanugarn,103
Movie,The Brave,103
Movie,The Bund,103
Movie,The Cincinnati Kid,103
Movie,The Coldest Game,103
Movie,The Competition,103
Movie,The F**k-It List,103
Movie,The First Wives Club,103
Movie,The Hurricane Heist,103
Movie,The Intent 2: The Come Up,103
Movie,The Look of Silence,103
Movie,The Main Event,103
Movie,The Perks of Being a Wallflower,103
Movie,The Rover,103
Movie,The Royal Bengal Tiger,103
Movie,The Smurfs,103
Movie,The Stand at Paxton County,103
Movie,The Tourist,103
Movie,The Unknown Known,103
Movie,The Vendor,103
Movie,War,103
Movie,"What Happened, Miss Simone?",103
Movie,When Two Worlds Collide,103
Movie,Your Son,103
Movie,#FriendButMarried 2,104
Movie,28 Days,104
Movie,A Bad Moms Christmas,104
Movie,A Billion Colour Story,104
Movie,A Whisker Away,104
Movie,Alakada Reloaded,104
Movie,All of You,104
Movie,Amar,104
Movie,André & his olive tree,104
Movie,Angry Indian Goddesses,104
Movie,Ankhon Dekhi,104
Movie,Athlete A,104
Movie,Betting on Zero,104
Movie,Burn Out,104
Movie,Bygones Be Bygones,104
Movie,Camera Store,104
Movie,Camp Cool Kids,104
Movie,Candyflip,104
Movie,Carbon,104
Movie,Christopher Robin,104
Movie,Chronicle of an Escape,104
Movie,Clinical,104
Movie,Dark Waters,104
Movie,Doubt,104
Movie,Five Elements Ninjas,104
Movie,Freshman Year,104
Movie,From A to B,104
Movie,Görümce,104
Movie,Getaway Plan,104
Movie,Head On,104
Movie,Hide and Seek,104
Movie,High Strung Free Dance,104
Movie,Hole in the Wall,104
Movie,Horse Girl,104
Movie,How to Get Over a Breakup,104
Movie,Hubie Halloween,104
Movie,Iceman,104
Movie,In a Valley of Violence,104
Movie,Just Another Love Story,104
Movie,Kanavu Variyam,104
Movie,Kocan Kadar Konus,104
Movie,Kocan Kadar Konus 2: Dirilis,104
Movie,La Última Fiesta,104
Movie,Lady Driver,104
Movie,Liar's Dice,104
Movie,Lifeline,104
Movie,Like Father,104
Movie,Martin Lawrence Live: Runteldat,104
Movie,Much Loved,104
Movie,Munafik 2,104
Movie,My Only Mother,104
Movie,Mystic Pizza,104
Movie,Nigerian Prince,104
Movie,No Reservations,104
Movie,Organize Isler,104
Movie,Paulettante Veedu,104
Movie,Perdida,104
Movie,Potato Potahto,104
Movie,Rajnigandha,104
Movie,Ravenous,104
Movie,Rocky V,104
Movie,Rogue Warfare: The Hunt,104
Movie,Solomon Kane,104
Movie,Stretch Armstrong: The Breakout,104
Movie,Super Dark Times,104
Movie,Sylvia,104
Movie,The Accidental Spy,104
Movie,The Christmas Chronicles,104
Movie,The Disaster Artist,104
Movie,The Dukes of Hazzard,104
Movie,The Forbidden Kingdom,104
Movie,The Girl Allergic to Wi-Fi,104
Movie,The Last Airbender,104
Movie,The Model,104
Movie,The Muppets,104
Movie,The Next Skin,104
Movie,The Occupant,104
Movie,The Seven Five,104
Movie,The Sleepover,104
Movie,The Tribes of Palos Verdes,104
Movie,Theeram,104
Movie,Through My Father's Eyes: The Ronda Rousey Story,104
Movie,Tortilla Soup,104
Movie,Tremors 3: Back to Perfection,104
Movie,Unacknowledged,104
Movie,Uncorked,104
Movie,Wine Country,104
Movie,Yes Man,104
Movie,#Roxy,105
Movie,1 Mile to You,105
Movie,4L,105
Movie,Adhugo,105
Movie,After We Collided,105
Movie,Ajji,105
Movie,Anger Management,105
Movie,Bad Seeds,105
Movie,Barry,105
Movie,"Behind \"The Cove\": The Quiet Japanese Speak Out",105
Movie,Berlin Calling,105
Movie,Bibi & Tina II,105
Movie,Boy Missing,105
Movie,Break Up 100,105
Movie,Breaking the Bank,105
Movie,Camarón: The Film,105
Movie,Chatô: The King of Brazil,105
Movie,Chittagong,105
Movie,Christmas Inheritance,105
Movie,Come Sunday,105
Movie,Doom,105
Movie,Double Dad,105
Movie,Double Jeopardy,105
Movie,Either Me Or My Auntie,105
Movie,El último testigo,105
Movie,Enter the Warriors Gate,105
Movie,For Here or to Go?,105
Movie,Forgive Us Our Debts,105
Movie,Freaks,105
Movie,God's Own Country,105
Movie,Har Kisse Ke Hisse: Kaamyaab,105
Movie,Holidate,105
Movie,House Arrest,105
Movie,How the Grinch Stole Christmas,105
Movie,Ip Man 3,105
Movie,Ip Man 4: The Finale,105
Movie,Ittefaq,105
Movie,Jay and Silent Bob Strike Back,105
Movie,Kaaliyan,105
Movie,"Kalel, 15",105
Movie,Kodachrome,105
Movie,Layer Cake,105
Movie,Light in the Dark,105
Movie,Like Water for Chocolate,105
Movie,Locked on You,105
Movie,Love Is a Story,105
Movie,Man of Tai Chi,105
Movie,Mean Dreams,105
Movie,Mi Obra Maestra,105
Movie,MI-5,105
Movie,Mowgli: Legend of the Jungle,105
Movie,Mr. Church,105
Movie,My Amnesia Girl,105
Movie,Overnight Republic,105
Movie,P,105
Movie,Patron Mutlu Son Istiyor,105
Movie,Personal Shopper,105
Movie,Results,105
Movie,Rich in Love,105
Movie,"River, el más grande siempre",105
Movie,Romantik Komedi 2: Bekarlığa Veda,105
Movie,Sadece Sen,105
Movie,Screwball,105
Movie,She Made Me a Criminal,105
Movie,She's Out of My League,105
Movie,Siddhant,105
Movie,Simon Killer,105
Movie,Sisterakas,105
Movie,Struggle: The Life and Lost Art of Szukalski,105
Movie,The Amazing Praybeyt Benjamin,105
Movie,The Climb,105
Movie,The Company Men,105
Movie,The Dancer,105
Movie,The Edge of Seventeen,105
Movie,The Half Of It,105
Movie,The Iron Lady,105
Movie,The Kissing Booth,105
Movie,The Last Boy Scout,105
Movie,The Rachel Divide,105
Movie,The Rope Curse 2,105
Movie,The Set Up,105
Movie,The Show,105
Movie,The Smurfs 2,105
Movie,The Square,105
Movie,Union Leader,105
Movie,Veronica,105
Movie,What a Girl Wants,105
Movie,Wildlife,105
Movie,Williams,105
Movie,X: Past Is Present,105
Movie,Ég man þig,106
Movie,5 Cowok Jagoan,106
Movie,A Serious Man,106
Movie,After,106
Movie,Albion: The Enchanted Stallion,106
Movie,Ali & Alia,106
Movie,Alt-Right: Age of Rage,106
Movie,American Warfighter,106
Movie,Andaleeb El Dokki,106
Movie,Animal Crackers,106
Movie,Aruna & Her Palate,106
Movie,Atlantics,106
Movie,Beirut Oh Beirut,106
Movie,Bibi & Tina: Tohuwabohu Total,106
Movie,BLAME!,106
Movie,Bobby Sands: 66 Days,106
Movie,Chappaquiddick,106
Movie,Charlie's Angels: Full Throttle,106
Movie,Christmas Crossfire,106
Movie,Cities of Last Things,106
Movie,Clash of the Titans,106
Movie,Consequences,106
Movie,Consequences ,106
Movie,Do Dooni Chaar,106
Movie,East Side Sushi,106
Movie,Ek Main Aur Ekk Tu,106
Movie,El fin de ETA,106
Movie,Eyyvah Eyyvah 2,106
Movie,"Faith, Hope & Love",106
Movie,Finding Agnes,106
Movie,Fronteras,106
Movie,Functional Fitness,106
Movie,Girl,106
Movie,God's Not Dead: A Light in Darkness,106
Movie,Grizzlies,106
Movie,Gurgaon,106
Movie,"Hail, Caesar!",106
Movie,Holidays,106
Movie,I Am,106
Movie,I Dream Of Dance,106
Movie,Inconceivable,106
Movie,Inkheart,106
Movie,Inside Man: Most Wanted,106
Movie,Justin Bieber: Never Say Never,106
Movie,Justine,106
Movie,Kill the Irishman,106
Movie,Kuntilanak,106
Movie,Lommbock,106
Movie,Love Beats Rhymes,106
Movie,Maktub,106
Movie,Merry Men: The Real Yoruba Demons,106
Movie,Mine,106
Movie,Mirror Mirror,106
Movie,Must Be... Love,106
Movie,Next Gen,106
Movie,No Game No Life: Zero,106
Movie,Oh My Ghost 4,106
Movie,Pagpag: Nine Lives,106
Movie,Palermo Hollywood,106
Movie,Parchís: the Documentary,106
Movie,Playing for Keeps,106
Movie,Prague,106
Movie,Quantum of Solace,106
Movie,Senna,106
Movie,Set It Up,106
Movie,Shepherds and Butchers,106
Movie,Shor In the City,106
Movie,Sierra Burgess Is A Loser,106
Movie,Soul Surfer,106
Movie,Starred Up,106
Movie,Sthaniya Sambaad,106
Movie,Stripes,106
Movie,The Body Remembers When the World Broke Open,106
Movie,The Bygone,106
Movie,The Death and Life of Marsha P. Johnson,106
Movie,The Doll,106
Movie,The End of the Tour,106
Movie,The Frozen Ground,106
Movie,The Invisible Guest,106
Movie,The Jane Austen Book Club,106
Movie,The Only Mother To You All,106
Movie,The Other,106
Movie,The Taking of Pelham 123,106
Movie,The Twins Effect II,106
Movie,The Unknown Girl,106
Movie,Too Handsome to Handle,106
Movie,Toro,106
Movie,Uppity: The Willy T. Ribbs Story,106
Movie,Vaya,106
Movie,Viceroy's House,106
Movie,Vizontele,106
Movie,Vizontele Tuuba,106
Movie,We'll Be Right Back After The Break,106
Movie,West Beirut,106
Movie,Wild Wild West,106
Movie,Wish I Was Here,106
Movie,Y Tu Mamá También,106
Movie,Òlòtūré,107
Movie,2015 Dream Concert,107
Movie,A California Christmas,107
Movie,A Very Special Love,107
Movie,Afterschool,107
Movie,April and the Extraordinary World,107
Movie,Bangkok Hell,107
Movie,Berserk: The Golden Age Arc III - The Advent,107
Movie,Beyond Skyline,107
Movie,Bibi & Tina: Girls Versus Boys,107
Movie,Big Miracle,107
Movie,Bir Baba Hindu,107
Movie,Celebrity Marriage,107
Movie,Crazy people,107
Movie,Dügün Dernek 2: Sünnet,107
Movie,David Foster: Off the Record,107
Movie,Deewana Main Deewana,107
Movie,Desperados,107
Movie,Disconnect,107
Movie,Divines,107
Movie,Dolphin Tale 2,107
Movie,Earthquake Bird,107
Movie,Equilibrium,107
Movie,Gehenna: Where Death Lives,107
Movie,Generation Iron 2,107
Movie,Heal,107
Movie,I Am Bolt,107
Movie,Into the Inferno,107
Movie,Ip Man,107
Movie,Jaoon Kahan Bata Ae Dil,107
Movie,Junebug,107
Movie,Just The Way You Are,107
Movie,Kalushi: The Story of Solomon Mahlangu,107
Movie,Karkar,107
Movie,Killa,107
Movie,Kolaiyuthir Kaalam,107
Movie,Kung Fu Yoga,107
Movie,Maacher Jhol,107
Movie,Marauders,107
Movie,Mission of Honor,107
Movie,Mrs. Serial Killer,107
Movie,Mumbai Delhi Mumbai,107
Movie,My Stupid Boss,107
Movie,New Money,107
Movie,NiNoKuni,107
Movie,Off Course,107
Movie,Onaatah,107
Movie,Ordinary People,107
Movie,Paharganj,107
Movie,Rising Phoenix,107
Movie,Rivaaz,107
Movie,Rush: Beyond the Lighted Stage,107
Movie,"Sí, Mi Amor",107
Movie,Sameer Abu Alneel,107
Movie,Santana,107
Movie,Seven and a half dates,107
Movie,Shanghai Fortress,107
Movie,Skiptrace,107
Movie,Sliver,107
Movie,Spanish Affair 2,107
Movie,Suffragette,107
Movie,Suite Française,107
Movie,Takers,107
Movie,The Adventures of Tintin,107
Movie,The Break-Up,107
Movie,The Chosen Ones,107
Movie,The Death of Stalin,107
Movie,The Exception,107
Movie,The First Lady,107
Movie,The Ghost Who Walks,107
Movie,The Last Runway,107
Movie,The Lift Boy,107
Movie,The Little Prince,107
Movie,The Man Without Gravity,107
Movie,The Next Karate Kid,107
Movie,The Riot Club,107
Movie,The Runaways,107
Movie,The Time Traveler's Wife,107
Movie,This Is Not What I Expected,107
Movie,Three Words to Forever,107
Movie,Tottaa Pataaka Item Maal,107
Movie,Turkish Dance School,107
Movie,Wheels of Fortune,107
Movie,Yes or No 2.5,107
Movie,You're Everything To Me,107
Movie,A Monster Calls,108
Movie,A Scandall,108
Movie,A Thin Line Between Love & Hate,108
Movie,An Evening with Beverly Luff Linn,108
Movie,Banana Island Ghost,108
Movie,Between Maybes,108
Movie,Biggie & Tupac,108
Movie,BNK48: Girls Don't Cry,108
Movie,Bombairiya,108
Movie,Break Ke Baad,108
Movie,Butterfield 8,108
Movie,Casino Tycoon 2,108
Movie,Cat on a Hot Tin Roof,108
Movie,Click,108
Movie,Crip Camp: A Disability Revolution,108
Movie,Dante's Peak,108
Movie,Devil's Bride,108
Movie,Disclosure,108
Movie,Employee of the Month,108
Movie,Ex Machina,108
Movie,Eye For An Eye,108
Movie,Gagarin: First in Space,108
Movie,Hamid,108
Movie,Holy Camp!,108
Movie,Ice Guardians,108
Movie,Imagine That,108
Movie,Ip Man 2,108
Movie,Iron Fists and Kung-Fu Kicks,108
Movie,Kid Kulafu,108
Movie,Legend of the Naga Pearls,108
Movie,"Lock, Stock and Two Smoking Barrels",108
Movie,Machete Kills,108
Movie,Master Z: The Ip Man Legacy,108
Movie,My True Friend,108
Movie,Neruda,108
Movie,Neseli Hayat,108
Movie,Painted Faces,108
Movie,People You May Know,108
Movie,Phamous,108
Movie,Pickpockets,108
Movie,Planetarium,108
Movie,Rust Creek,108
Movie,Secrets in the Hot Spring,108
Movie,Seriously Single,108
Movie,So Much Love to Give,108
Movie,Spectral,108
Movie,Step Sisters,108
Movie,Strong Island,108
Movie,Superlopez,108
Movie,Sword Master,108
Movie,Temporada de Caza,108
Movie,The 101-Year-Old Man Who Skipped Out on the Bill and Disappeared,108
Movie,The 3rd Eye,108
Movie,The Ant's Scream,108
Movie,The Dirt,108
Movie,The Grandmaster,108
Movie,The Healer,108
Movie,The Informant!,108
Movie,The Little Wars,108
Movie,The Other Guys,108
Movie,The Panti Sisters,108
Movie,The Reconquest,108
Movie,The Siege of Jadotville,108
Movie,The Trip to Spain,108
Movie,The World We Make,108
Movie,Tik Tok,108
Movie,To the Bone,108
Movie,"To Wong Foo, Thanks for Everything! Julie Newmar",108
Movie,Tootsies & The Fake,108
Movie,True to the Game,108
Movie,Under The Skin,108
Movie,Welcome to New York,108
Movie,Wira,108
Movie,Wish Man,108
Movie,"10,000 B.C.",109
Movie,100 Meters,109
Movie,A Heavy Heart,109
Movie,AK vs AK,109
Movie,Alexandria: Again and Forever,109
Movie,All The Bright Places,109
Movie,Barbra: The Music ... The Mem'ries ... The Magic!,109
Movie,Cirque du Freak: The Vampire's Assistant,109
Movie,Dilan 1990,109
Movie,Dream/Killer,109
Movie,Effie Gray,109
Movie,Ekşi Elmalar,109
Movie,Elizabeth Harvest,109
Movie,End of Watch,109
Movie,Fan of Amoory,109
Movie,Forgotten,109
Movie,Funny Boy,109
Movie,Garbage,109
Movie,Get Him to the Greek,109
Movie,Gour Hari Dastaan: The Freedom File,109
Movie,Hasta los dientes,109
Movie,Hattrick,109
Movie,Initial D,109
Movie,Jeremy Scott: The People's Designer,109
Movie,Kilo Two Bravo,109
Movie,La Bamba,109
Movie,Lens,109
Movie,Life Ki Toh Lag Gayi,109
Movie,Life's Speed Bump,109
Movie,Line Walker,109
Movie,Love Jones,109
Movie,Main aurr Mrs. Khanna,109
Movie,Manhunt,109
Movie,Mississippi Grind,109
Movie,Moh Maya Money,109
Movie,Motu Patlu: King of Kings,109
Movie,My Sister's Keeper,109
Movie,Noblemen,109
Movie,"Oh, Ramona!",109
Movie,Pareeth Pandaari,109
Movie,Peepli Live,109
Movie,Perfect Stranger,109
Movie,Samson,109
Movie,Seoul Searching,109
Movie,Sex Drive,109
Movie,Shanghai,109
Movie,Son of a Gun,109
Movie,"Take the Ball, Pass the Ball",109
Movie,Terminator 3: Rise of the Machines,109
Movie,The Cakemaker,109
Movie,The CEO,109
Movie,The Do-Over,109
Movie,Ultras,109
Movie,Unbroken,109
Movie,Very Big Shot,109
Movie,Wakefield,109
Movie,War Chhod Na Yaar,109
Movie,We Are Legends,109
Movie,When Love Happens,109
Movie,Wolves,109
Movie,Zaki Chan,109
Movie,​​Kuch Bheege Alfaaz,110
Movie,A Family Man,110
Movie,A Perfect Ending,110
Movie,A Wrinkle in Time,110
Movie,Aaviri,110
Movie,Act of Valor,110
Movie,Ali's Wedding,110
Movie,American Factory,110
Movie,Antar: Son of Shadad,110
Movie,Arthur,110
Movie,Automata,110
Movie,Bareilly Ki Barfi,110
Movie,Be Here Now,110
Movie,Beats,110
Movie,Billy Elliot,110
Movie,Blood Money,110
Movie,Brick,110
Movie,Bride For Rent,110
Movie,Brother in Love,110
Movie,Bwakaw,110
Movie,Cemara's Family,110
Movie,Chal Bhaag,110
Movie,City of Tiny Lights,110
Movie,Colonia,110
Movie,CRD,110
Movie,De Palma,110
Movie,Double World,110
Movie,Dumplin',110
Movie,Euphoria,110
Movie,"Extremely Wicked, Shockingly Evil and Vile",110
Movie,Feel the Beat,110
Movie,Full Count,110
Movie,İstanbul Kırmızısı,110
Movie,Get Smart,110
Movie,Ghost Rider,110
Movie,Goldstone,110
Movie,Grease,110
Movie,Hamburger Hill,110
Movie,Hantu Kak Limah,110
Movie,How the Beatles Changed the World,110
Movie,How to Change the World,110
Movie,반드시 잡는다,110
Movie,K-on! the movie,110
Movie,Kanika,110
Movie,Kardec,110
Movie,Kickboxer: Retaliation,110
Movie,Kingdom of Us,110
Movie,Lady in the Water,110
Movie,Left Behind,110
Movie,Love and Shukla,110
Movie,Lupt,110
Movie,Magnetic,110
Movie,Maniyarayile Ashokan,110
Movie,Melle,110
Movie,Muppets Most Wanted,110
Movie,Ne Zha,110
Movie,Okafor's Law,110
Movie,Outside In,110
Movie,Payday,110
Movie,Rango,110
Movie,Rock My Heart,110
Movie,Romantik Komedi,110
Movie,Running for Grace,110
Movie,Samantaral,110
Movie,Searching for Bobby Fischer,110
Movie,Septembers of Shiraz,110
Movie,Small Soldiers,110
Movie,Son Of Adam,110
Movie,Tales From the Hood 2,110
Movie,Tarek's Situation,110
Movie,The Beast Stalker,110
Movie,The Devil's Mistress,110
Movie,The Duel,110
Movie,The Last Summer,110
Movie,The Lighthouse of the Orcas,110
Movie,The Lost Husband,110
Movie,The Photographer Of Mauthausen,110
Movie,The Player,110
Movie,The Skin of the Wolf,110
Movie,The Three Deaths of Marisela Escobedo,110
Movie,They Are Everywhere,110
Movie,Trophy,110
Movie,Twin Murders: the Silence of the White City,110
Movie,Up in the Air,110
Movie,Victor,110
Movie,What's Up With Love?,110
Movie,A Family Affair,111
Movie,A Noble Intention,111
Movie,A Yellow Bird,111
Movie,Adore,111
Movie,Anarkali of Aarah,111
Movie,Awe,111
Movie,Back to the 90s,111
Movie,Boi,111
Movie,Bonnie and Clyde,111
Movie,Case 39,111
Movie,China Salesman,111
Movie,Death Race: Beyond Anarchy,111
Movie,Discovering Bigfoot,111
Movie,Galih dan Ratna,111
Movie,God Bless the Broken Road,111
Movie,Halkaa,111
Movie,Hazaaron Khwaishein Aisi,111
Movie,High & Low The Red Rain,111
Movie,Honey 2,111
Movie,Kill Bill: Vol. 1,111
Movie,Lady J,111
Movie,Lakeeran,111
Movie,Lembi 8 Giga,111
Movie,Lion's Heart,111
Movie,Love Is War,111
Movie,Love You to the Stars and Back,111
Movie,May the Devil Take You,111
Movie,Moonlight,111
Movie,My Suicide,111
Movie,My Travel Buddy,111
Movie,Once Upon a Time in London,111
Movie,Operation Chromite,111
Movie,Paradise Lost,111
Movie,Rebel Without a Cause,111
Movie,Santa Banta Pvt Ltd,111
Movie,Secret in Their Eyes,111
Movie,Seven (Tamil),111
Movie,"Sexo, Pudor y Lagrimas",111
Movie,Shéhérazade,111
Movie,She's the One,111
Movie,Spenser Confidential,111
Movie,Tamanchey,111
Movie,The Bounty Hunter,111
Movie,The Chosen,111
Movie,The Florida Project,111
Movie,The Hummingbird Project,111
Movie,The Hurt Business,111
Movie,The Original Kings of Comedy,111
Movie,The Ottoman Lieutenant,111
Movie,The Prince & Me,111
Movie,The River Wild,111
Movie,The Ruthless,111
Movie,The Sea of Trees,111
Movie,The Student Cop,111
Movie,The Water Diviner,111
Movie,The Wedding Shaman,111
Movie,The Young Messiah,111
Movie,Travel Mates 2,111
Movie,"Waiting for \"Superman\"",111
Movie,Yes or No,111
Movie,Act of Vengeance,112
Movie,Alice Doesn't Live Here Anymore,112
Movie,Always Be My Maybe,112
Movie,American Assassin,112
Movie,Atlas Shrugged: Part II,112
Movie,Ayana,112
Movie,Babam ve Oğlum,112
Movie,Bewildered Bolbol,112
Movie,Bhai: Vyakti Ki Valli - Uttarardh,112
Movie,Blue Valentine,112
Movie,Bosta,112
Movie,Chaman Bahaar,112
Movie,Chhota Bheem Kungfu Dhamaka,112
Movie,Children of the Sea,112
Movie,Christmas in the Heartland,112
Movie,Close Enemies,112
Movie,Come and Find Me,112
Movie,Conjuring Spirit,112
Movie,Crash,112
Movie,Daughters of the Dust,112
Movie,District 9,112
Movie,Fisherman's Friends,112
Movie,For the Love of Spock,112
Movie,Free Willy,112
Movie,Gollu Aur Pappu,112
Movie,I'm No Longer Here,112
Movie,It's Her Day,112
Movie,Kappela,112
Movie,Kill the Messenger,112
Movie,Laddaland,112
Movie,"LSD: Love, Sex Aur Dhokha",112
Movie,Mansfield Park,112
Movie,Maps to the Stars,112
Movie,Maska,112
Movie,Mean Streets,112
Movie,Merantau,112
Movie,Midnight Special,112
Movie,Panic Room,112
Movie,Pee Mak,112
Movie,Phone Swap,112
Movie,Pineapple Express,112
Movie,Red Oleanders Raktokarobi,112
Movie,Remember Me,112
Movie,Rememory,112
Movie,School Life,112
Movie,Scott Pilgrim vs. the World,112
Movie,Shelter,112
Movie,Sprinter,112
Movie,Swearnet: The Movie,112
Movie,Tallulah,112
Movie,Tattah,112
Movie,The Ballad of Lefty Brown,112
Movie,The Beach Loafer,112
Movie,The Call,112
Movie,The Captive,112
Movie,The Conjuring,112
Movie,The Crying Game,112
Movie,The Endless,112
Movie,The Family,112
Movie,The Intouchables,112
Movie,The Ivory Game,112
Movie,The Water Horse: Legend of the Deep,112
Movie,Upstarts,112
Movie,Yes or No 2,112
Movie,You've Got This,112
Movie,14 Blades,113
Movie,A Little Chaos,113
Movie,Anchor and Hope,113
Movie,Arisan 2,113
Movie,Being Mrs Elliot,113
Movie,Blood Will Tell,113
Movie,Cargo,113
Movie,Chasing Amy,113
Movie,Chicken Kokkachi,113
Movie,Dany Boon: Des Hauts De France,113
Movie,Dark Places,113
Movie,Diamonds in the Sky,113
Movie,Diana: In Her Own Words,113
Movie,Don't Go Breaking My Heart 2,113
Movie,Fracture,113
Movie,God's Not Dead,113
Movie,Gunjan Saxena: The Kargil Girl,113
Movie,Happy Old Year,113
Movie,How It Ends,113
Movie,Isi & Ossi,113
Movie,Jumping the Broom,113
Movie,Kajraare,113
Movie,Leyla Everlasting,113
Movie,Lu Over the Wall,113
Movie,Luckee,113
Movie,Middle Men,113
Movie,Night Moves,113
Movie,NOVA: Black Hole Apocalypse,113
Movie,NOVA: Decoding the Weather Machine,113
Movie,NOVA: The Impossible Flight,113
Movie,Project Power,113
Movie,Rachel Getting Married,113
Movie,Ragini MMS 2,113
Movie,Ralph Breaks the Internet: Wreck-It Ralph 2,113
Movie,Sand Castle,113
Movie,She's Dating the Gangster,113
Movie,Stonehearst Asylum,113
Movie,Stranger than Fiction,113
Movie,Sunday's Illness,113
Movie,Superbad,113
Movie,The American President,113
Movie,The Case for Christ,113
Movie,The Distinguished Citizen,113
Movie,The Foreigner,113
Movie,The Land of Cards,113
Movie,The Lost Brother,113
Movie,The Meyerowitz Stories (New and Selected),113
Movie,Trip to Bhangarh: Asia's Most Haunted Place,113
Movie,Undefeated,113
Movie,Unknown,113
Movie,Velvet Buzzsaw,113
Movie,Vikings Unearthed,113
Movie,Vodka Diaries,113
Movie,You Don't Mess with the Zohan,113
Movie,18 Presents,114
Movie,365 Days,114
Movie,Bhoot,114
Movie,Black Sea,114
Movie,Cézanne et moi,114
Movie,Can’t Complain,114
Movie,Choked: Paisa Bolta Hai,114
Movie,Colours of Passion,114
Movie,Crazy Beautiful You,114
Movie,Cuba and the Cameraman,114
Movie,Dhanak,114
Movie,Door Ke Darshan,114
Movie,Fantastica,114
Movie,Fire at Sea,114
Movie,Gridlocked,114
Movie,I Am Mother,114
Movie,In Line,114
Movie,Kingpin,114
Movie,Krutant,114
Movie,LA 92,114
Movie,Lola Igna,114
Movie,Manto,114
Movie,Maya Angelou: And Still I Rise,114
Movie,Nathicharami,114
Movie,Now More Than Ever: The History of Chicago,114
Movie,Paying Guests,114
Movie,Popeye,114
Movie,Red Dawn,114
Movie,Sabrina,114
Movie,Secrets of the Saqqara Tomb,114
Movie,Suicide (Hitabdut),114
Movie,Tanu Weds Manu,114
Movie,Taxi Driver,114
Movie,The Angel,114
Movie,The Boy Who Harnessed the Wind,114
Movie,The Consul's Son,114
Movie,The Great Hack,114
Movie,The Impossible,114
Movie,The Motive,114
Movie,The Workshop,114
Movie,Total Recall,114
Movie,Traitor,114
Movie,Trash,114
Movie,Un plus une,114
Movie,Ungli,114
Movie,Aashayein,115
Movie,Ali Baba ve 7 Cüceler,115
Movie,Beiimaan Love,115
Movie,Birdshot,115
Movie,Charlie and the Chocolate Factory,115
Movie,Chef,115
Movie,Cinar Agaci,115
Movie,Daemonium,115
Movie,Dinner for Schmucks,115
Movie,Don't Go Breaking My Heart,115
Movie,Fred Claus,115
Movie,Gigi,115
Movie,Good Game: The Beginning,115
Movie,Ishqiya,115
Movie,Koshish,115
Movie,Last Knights,115
Movie,Love You... Love You Not,115
Movie,Merku Thodarchi Malai,115
Movie,Merry Men 2: Another Mission,115
Movie,Miles Davis: Birth of the Cool,115
Movie,My Honor Was Loyalty,115
Movie,My Mother's Wound,115
Movie,Nasha,115
Movie,Nimbe,115
Movie,Paskal,115
Movie,Ranbhool,115
Movie,Running Shaadi,115
Movie,Serious Men,115
Movie,Shahanpan Dega Deva,115
Movie,Shuddhi,115
Movie,Slow Country,115
Movie,Sudani from Nigeria,115
Movie,Terminator Salvation,115
Movie,The Art of Loving,115
Movie,The Boss Baby: Get That Baby!,115
Movie,The Christmas Chronicles: Part Two,115
Movie,The Founder,115
Movie,The Giant,115
Movie,The Music of Silence,115
Movie,The Super Parental Guardians,115
Movie,The Vanished,115
Movie,Triple 9,115
Movie,Ugly Aur Pagli,115
Movie,Vince and Kath and James,115
Movie,W/O Ram,115
Movie,Your Name Engraved Herein,115
Movie,الف مبروك,115
Movie,37 Seconds,116
Movie,Amrapali,116
Movie,Ana e Vitória,116
Movie,Bbuddah Hoga Terra Baap,116
Movie,Berlin Syndrome,116
Movie,Bhai: Vyakti Ki Valli - Poorvardha,116
Movie,Bitcoin Heist,116
Movie,Black Snake Moan,116
Movie,Bobby Jasoos,116
Movie,Breath,116
Movie,Center Stage,116
Movie,Chauthi Koot,116
Movie,Contract,116
Movie,Darna Mana Hai,116
Movie,Freezer's Campaign,116
Movie,Hairspray,116
Movie,Hajwala 2: Mysterious Mission,116
Movie,How to Be a Latin Lover,116
Movie,How to Make an American Quilt,116
Movie,I Fine... Thank You... Love You,116
Movie,In the Shadow of the Moon,116
Movie,Indiana Jones and the Raiders of the Lost Ark,116
Movie,Interrogation,116
Movie,Intuition,116
Movie,Kaviyude Osyath,116
Movie,KD (A) Karuppudurai,116
Movie,Kiss the Girls,116
Movie,Laatu,116
Movie,Lawless,116
Movie,Let's Dance,116
Movie,Lil Peep: Everybody’s Everything,116
Movie,Listen Up! The Lives of Quincy Jones,116
Movie,Look Who's Back,116
Movie,Metro,116
Movie,Mumbai Matinee,116
Movie,My Brother ... Nikhil,116
Movie,No Estoy Loca,116
Movie,On Body and Soul,116
Movie,Outside the Wire,116
Movie,Pari,116
Movie,Rakkhosh,116
Movie,Rehmataan,116
Movie,Rogue City,116
Movie,Runaway Bride,116
Movie,Samarppanam,116
Movie,Seven (Telugu),116
Movie,Shadow,116
Movie,Shootout at Lokhandwala,116
Movie,Sorry To Disturb,116
Movie,Sweeney Todd: The Demon Barber of Fleet Street,116
Movie,Tarung Sarung,116
Movie,The Blazing Sun,116
Movie,The Box,116
Movie,The Fighter,116
Movie,The Heartbreak Kid,116
Movie,The Last Thing He Wanted,116
Movie,The Mayo Clinic,116
Movie,The President's Barber,116
Movie,The Reliant,116
Movie,The Ring,116
Movie,The Wolf's Call,116
Movie,Uncertain Glory,116
Movie,Uriyadi 2,116
Movie,Vitti Dandu,116
Movie,You Changed My Life,116
Movie,​Maj Rati ​​Keteki,117
Movie,3 Days to Kill,117
Movie,A Love Story,117
Movie,Aagey Se Right,117
Movie,Asura Guru,117
Movie,Badla,117
Movie,Badland,117
Movie,Bhaji In Problem,117
Movie,Bittoo Boss,117
Movie,"Bon Cop, Bad Cop",117
Movie,Camp X-Ray,117
Movie,Catching Feelings,117
Movie,Como caído del cielo,117
Movie,Dad,117
Movie,Dallas Buyers Club,117
Movie,Extraction,117
Movie,Fida,117
Movie,Firebrand,117
Movie,Gran Torino,117
Movie,HALO Legends,117
Movie,"Hello, Love, Goodbye",117
Movie,Hillbilly Elegy,117
Movie,Hustle & Flow,117
Movie,I Am Woman,117
Movie,Kasanova,117
Movie,Kraftidioten,117
Movie,Look for a Star,117
Movie,Ma Chu Ka,117
Movie,Monopoly (The Bank Of Luck),117
Movie,Motor Mitraan Di,117
Movie,Newness,117
Movie,Next Enti?,117
Movie,Nocturnal Animals,117
Movie,Nymphomaniac: Volume 1,117
Movie,P Se PM Tak,117
Movie,Patriot Games,117
Movie,Pranaam,117
Movie,Rahasya,117
Movie,S.W.A.T.,117
Movie,Sara's Notebook,117
Movie,Scream 3,117
Movie,Selfless,117
Movie,Spider-Man: Into the Spider-Verse,117
Movie,Striptease,117
Movie,The 3rd Eye 2,117
Movie,The 4th Company,117
Movie,The Art of War,117
Movie,The Doll 2,117
Movie,The Pursuit of Happyness,117
Movie,The Week Of,117
Movie,The Wishing Tree,117
Movie,Tony Robbins: I Am Not Your Guru,117
Movie,Two Catalonias,117
Movie,Veerappan,117
Movie,Yeh Ballet,117
Movie,You're My Boss,117
Movie,706,118
Movie,Ant-Man and the Wasp,118
Movie,Bathinda Express,118
Movie,Bright,118
Movie,Chalay Thay Saath,118
Movie,Chupan Chupai,118
Movie,Colkatay Columbus,118
Movie,Daagdi Chaawl,118
Movie,Dilan 1991,118
Movie,Dolemite Is My Name,118
Movie,Fear and Loathing in Las Vegas,118
Movie,Fierce,118
Movie,Filosofi Kopi The Movie,118
Movie,Four Weddings and a Funeral,118
Movie,Gelo,118
Movie,Helios,118
Movie,Heneral Luna,118
Movie,High & Low The Movie 3 / Final Mission,118
Movie,History of Joy,118
Movie,Hitch,118
Movie,Hokkabaz,118
Movie,Incredibles 2 (Spanish Version),118
Movie,Kartini: Princess of Java,118
Movie,Kate & Leopold,118
Movie,Lagos Real Fake Life,118
Movie,Liefling,118
Movie,Logan's Run,118
Movie,Macchli Jal Ki Rani Hai,118
Movie,Memoir of a Murderer,118
Movie,Nightcrawler,118
Movie,Oye Lucky! Lucky Oye!,118
Movie,Phir Se,118
Movie,Revelations,118
Movie,River's Edge,118
Movie,Room,118
Movie,Saath Saath,118
Movie,Saavat,118
Movie,Saheb Bibi Golaam,118
Movie,The Black Godfather,118
Movie,The Book of Eli,118
Movie,The Breakup Playlist,118
Movie,The Butterfly's Dream,118
Movie,The Command,118
Movie,The Incredibles 2,118
Movie,The King's Speech,118
Movie,The Legend of Michael Mishra,118
Movie,The Lion Woman,118
Movie,The Pirates of Somalia,118
Movie,The Third Party,118
Movie,Train to Busan,118
Movie,What's Eating Gilbert Grape,118
Movie,187,119
Movie,#Selfie 69,119
Movie,20th Century Women,119
Movie,American History X,119
Movie,Bad Boys,119
Movie,Beauty and the Bestie,119
Movie,Burlesque,119
Movie,Carol,119
Movie,Christine,119
Movie,Drive,119
Movie,El Che,119
Movie,Elisa & Marcela,119
Movie,Flash of Genius,119
Movie,Headshot,119
Movie,Honeymoon Travels Pvt. Ltd.,119
Movie,I'm in Love with a Church Girl,119
Movie,Incomplete,119
Movie,Indiana Jones and the Temple of Doom,119
Movie,Jem and the Holograms,119
Movie,Mahabharat,119
Movie,Mission Istaanbul: Darr Ke Aagey Jeet Hai,119
Movie,Mona Lisa Smile,119
Movie,Monsters: Dark Continent,119
Movie,My Happy Family,119
Movie,Olympus Has Fallen,119
Movie,Pan's Labyrinth,119
Movie,Polar,119
Movie,Pulang,119
Movie,Rainbow Jelly,119
Movie,Rajma Chawal,119
Movie,Rocky Handsome,119
Movie,Rocky II,119
Movie,Rose Island,119
Movie,Same Kind of Different as Me,119
Movie,Savita Damodar Paranjpe,119
Movie,Sergio,119
Movie,Shelby American,119
Movie,Sicilian Ghost Story,119
Movie,Surga Yang Tak Dirindukan 2,119
Movie,Teen Aur Aadha,119
Movie,The Bad Batch,119
Movie,The Bridge,119
Movie,The Brothers Grimm,119
Movie,The Green Hornet,119
Movie,The last hour,119
Movie,The Lobster,119
Movie,The Midnight Sky,119
Movie,The Rainbow Troops,119
Movie,Tomorrow Never Dies,119
Movie,Transcendence,119
Movie,Us and Them,119
Movie,Uyare,119
Movie,W.E.,119
Movie,We Are Family,119
Movie,4th Republic,120
Movie,Adú,120
Movie,"Berlin, I Love You",120
Movie,Beyond the Clouds,120
Movie,Bleed for This,120
Movie,Brotherhood of Blades II: The Infernal Battlefield,120
Movie,Can't Help Falling in Love,120
Movie,Coffee with D,120
Movie,"Crouching Tiger, Hidden Dragon",120
Movie,Dolly Kitty Aur Woh Chamakte Sitare,120
Movie,Ek Cup Chya,120
Movie,Ek Ladki Ko Dekha Toh Aisa Laga,120
Movie,Escaping Tel Aviv,120
Movie,Guilty,120
Movie,High End Yaariyan,120
Movie,Horns,120
Movie,Hot Gimmick: Girl Meets Boy,120
Movie,Kacche Dhaagey,120
Movie,Kai Po Che!,120
Movie,Khubsoorat,120
Movie,Love Off the Cuff,120
Movie,Mary Kom,120
Movie,Mayday Life,120
Movie,Mischief,120
Movie,Occupation,120
Movie,One Day: Justice Delivered,120
Movie,Platoon,120
Movie,Puriyatha Puthir,120
Movie,Pyaar Ke Side Effects,120
Movie,Qarib Qarib Singlle,120
Movie,Quigley Down Under,120
Movie,Revolutionary Road,120
Movie,Rocky,120
Movie,School Daze,120
Movie,System Crasher,120
Movie,Talentime,120
Movie,The Book of Sun,120
Movie,The Danish Girl,120
Movie,The Hows of Us,120
Movie,The Redeemed and the Dominant: Fittest on Earth,120
Movie,The Ridiculous 6,120
Movie,THE RUM DIARY,120
Movie,The Space Between Us,120
Movie,Waarrior Savitri,120
Movie,White Christmas,120
Movie,Your Excellency,120
Movie,Zenda,120
Movie,3 Deewarein,121
Movie,93 Days,121
Movie,A Fall from Grace,121
Movie,Angel Has Fallen,121
Movie,Bazaar,121
Movie,Becoming Jane,121
Movie,Chance Pe Dance,121
Movie,Chappie,121
Movie,Chashme Baddoor,121
Movie,Chashme Buddoor,121
Movie,Darra,121
Movie,Do Paise Ki Dhoop Chaar Aane Ki Baarish,121
Movie,Girls und Panzer der Film,121
Movie,Guzaarish,121
Movie,Icarus,121
Movie,Khoobsurat,121
Movie,Knowing,121
Movie,Le K Benzema,121
Movie,Lust Stories,121
Movie,Morya,121
Movie,My Ex & Whys,121
Movie,Naughty Jatts,121
Movie,Odu Raja Odu,121
Movie,Okja,121
Movie,Rounders,121
Movie,Scarecrow,121
Movie,Scream 2,121
Movie,Shimla Mirchi,121
Movie,Shot Caller,121
Movie,Surga Yang Tak Dirindukan,121
Movie,Tears of the Sun,121
Movie,Tezz,121
Movie,The Black Prince,121
Movie,The Dark Side of Life: Mumbai City,121
Movie,The Dreamer,121
Movie,The Figurine (Araromire),121
Movie,The Killing of a Sacred Deer,121
Movie,The Legacy of the Bones,121
Movie,The Longest Yard,121
Movie,The Night Comes for Us,121
Movie,The Social Network,121
Movie,U Turn,121
Movie,Unexpectedly Yours,121
Movie,Urvi,121
Movie,A Beautiful Life,122
Movie,A Twelve Year Night,122
Movie,Aşk Tesadüfleri Sever,122
Movie,Aalorukkam,122
Movie,Ahista Ahista,122
Movie,All Day and a Night,122
Movie,American Beauty,122
Movie,Anthony Kaun Hai?,122
Movie,ATM,122
Movie,Bang Rajan 2,122
Movie,Barça Dreams,122
Movie,By the Sea,122
Movie,El Potro: Unstoppable,122
Movie,Hellboy,122
Movie,Inhuman Kiss,122
Movie,Instructions Not Included,122
Movie,Kahaani,122
Movie,Maya Memsaab,122
Movie,Money Trap,122
Movie,Naa Bangaaru Talli,122
Movie,Oasis: Supersonic,122
Movie,Ocean's Thirteen,122
Movie,Oru Vishsheshapetta Biryani Kissa,122
Movie,Outlaw King,122
Movie,Pooja Kiven Aa,122
Movie,Rampant,122
Movie,Romeo Ranjha,122
Movie,Sanai Choughade,122
Movie,Shorgul,122
Movie,Silver Linings Playbook,122
Movie,Steve Jobs,122
Movie,The Boys in the Band,122
Movie,The Brave One,122
Movie,The Edge of Democracy,122
Movie,The Other Side of the Wind,122
Movie,The Silent War,122
Movie,The Stanford Prison Experiment,122
Movie,Thong Dee Fun Khao,122
Movie,21,123
Movie,90 ML,123
Movie,A Separation,123
Movie,About Time,123
Movie,Asees,123
Movie,Bhouri,123
Movie,Blow,123
Movie,Bombay Talkies,123
Movie,Devrai,123
Movie,El Camino: A Breaking Bad Movie,123
Movie,First Love,123
Movie,Force 2,123
Movie,G.O.R.A,123
Movie,Indiana Jones and the Kingdom of the Crystal Skull,123
Movie,Julie & Julia,123
Movie,Rebecca,123
Movie,Settai,123
Movie,Seven Pounds,123
Movie,Smoke & Mirrors,123
Movie,Stronger Than the World,123
Movie,Svaha: The Sixth Finger,123
Movie,Swami,123
Movie,The Congress,123
Movie,The Gospel of Mark,123
Movie,The Hundred-Foot Journey,123
Movie,The Imaginarium of Doctor Parnassus,123
Movie,The Journey Is the Destination,123
Movie,The Outpost,123
Movie,The Resistance Banker,123
Movie,The Shaukeens,123
Movie,The Theory of Everything,123
Movie,Thithi,123
Movie,Tune in for Love,123
Movie,War Machine,123
Movie,We Are Young. We Are Strong.,123
Movie,15-Aug,124
Movie,3 Heroines,124
Movie,Bird Box,124
Movie,Clive Davis: The Soundtrack of Our Lives,124
Movie,Clouds of Sils Maria,124
Movie,Dhoondte Reh Jaoge,124
Movie,Eh Janam Tumhare Lekhe,124
Movie,Enola Holmes,124
Movie,Eurovision Song Contest: The Story of Fire Saga,124
Movie,Everyday I Love You,124
Movie,Fallen,124
Movie,Fitoor,124
Movie,Heartbreakers,124
Movie,High & Low The Movie 2 / End of Sky,124
Movie,Ideachi Kalpana,124
Movie,Jada,124
Movie,Jingle Jangle: A Christmas Journey,124
Movie,Khosla Ka Ghosla,124
Movie,Kia and Cosmos,124
Movie,Krishna Cottage,124
Movie,Kyaa Kool Hain Hum 3,124
Movie,Loving,124
Movie,Milada,124
Movie,Nibunan,124
Movie,Nymphomaniac: Volume II,124
Movie,Operation Mekong,124
Movie,Parmanu: The Story of Pokhran,124
Movie,Pinky Memsaab,124
Movie,Power Paandi,124
Movie,Private Life,124
Movie,Quincy,124
Movie,Railroad Tigers,124
Movie,Return of the Prodigal Son,124
Movie,Romance Doll,124
Movie,Tango Feroz,124
Movie,The Dealer,124
Movie,The Forty-Year-Old Version,124
Movie,The Gathering,124
Movie,The Guernsey Literary and Potato Peel Pie Society,124
Movie,The Peacemaker,124
Movie,The Plan,124
Movie,The Score,124
Movie,Trumbo,124
Movie,Welcome 2 Karachi,124
Movie,What Happened to Monday,124
Movie,XXx,124
Movie,#Selfie,125
Movie,A Most Violent Year,125
Movie,Amar's Hands,125
Movie,Article 15,125
Movie,Bawarchi,125
Movie,Cake,125
Movie,Casino Tycoon,125
Movie,Finally Found Someone,125
Movie,Four Sisters and a Wedding,125
Movie,Habibie & Ainun,125
Movie,High & Low The Worst,125
Movie,Inkaar,125
Movie,John Day,125
Movie,Luka Chuppi,125
Movie,Njan Prakashan,125
Movie,Ocean's Twelve,125
Movie,Pandigai,125
Movie,Penalty,125
Movie,Phobia 2,125
Movie,Quién te cantará,125
Movie,SGT. Will Gardner,125
Movie,Taylor Swift reputation Stadium Tour,125
Movie,Tees Maar Khan,125
Movie,The Prison,125
Movie,The Professor and the Madman,125
Movie,The Wandering Earth,125
Movie,Thorne: Scaredy Cat,125
Movie,Thorne: Sleepyhead,125
Movie,Time Please,125
Movie,Tu Hai Mera Sunday,125
Movie,Ugly,125
Movie,Viswasapoorvam Mansoor,125
Movie,5CM,126
Movie,Aajcha Divas Majha,126
Movie,B.A. Pass 2,126
Movie,Bangkok Traffic (Love) Story,126
Movie,Big Kill,126
Movie,Bon Cop Bad Cop 2,126
Movie,Calendar Girls,126
Movie,Cappuccino,126
Movie,Chaar Sahibzaade,126
Movie,Dovlatov,126
Movie,Gaddar: the Traitor,126
Movie,Gatao 2: Rise of the King,126
Movie,Ginny Weds Sunny,126
Movie,Gun City,126
Movie,Hello Brother,126
Movie,Her,126
Movie,Hold the Dark,126
Movie,Hombanna,126
Movie,Kaal,126
Movie,Krishna and His Leela,126
Movie,Kuldip Patwal: I Didn't Do It!,126
Movie,Life in a ... Metro,126
Movie,Mehandi Circus,126
Movie,P.S. I Love You,126
Movie,Philadelphia,126
Movie,Rangreza,126
Movie,Sarivar Sari,126
Movie,Saving Mr. Banks,126
Movie,Sei,126
Movie,Shaitan,126
Movie,Snowpiercer,126
Movie,Suzzanna: Buried Alive,126
Movie,The Cell,126
Movie,The Old Guard,126
Movie,The Two Popes,126
Movie,The Witch: Part 1 - The Subversion,126
Movie,Triple Frontier,126
Movie,Verses of Love,126
Movie,Why Me?,126
Movie,Zindagi Kitni Haseen Hay,126
Movie,Abby Sen,127
Movie,Aisa Yeh Jahaan,127
Movie,Among Family,127
Movie,Ankur Arora Murder Case,127
Movie,Baaghi,127
Movie,Baby Dolls,127
Movie,Belgica,127
Movie,Bilu Rakkhosh,127
Movie,C Kkompany,127
Movie,Chillar Party,127
Movie,Chupke Chupke,127
Movie,Cool Hand Luke,127
Movie,Dharam Sankat Mein,127
Movie,Dhh,127
Movie,Donnie Brasco,127
Movie,Echcharikkai,127
Movie,Everything About Her,127
Movie,Happy as Lazzaro,127
Movie,Highway,127
Movie,Hugo,127
Movie,Indiana Jones and the Last Crusade,127
Movie,Iqbal,127
Movie,It Takes a Lunatic,127
Movie,It Takes a Man and a Woman,127
Movie,MOTHER,127
Movie,Mute,127
Movie,Ocean's Eleven,127
Movie,Pitaah,127
Movie,Premachi Goshta,127
Movie,Real Steel,127
Movie,Sat Shri Akaal England,127
Movie,Shubh Aarambh,127
Movie,Single,127
Movie,Stree,127
Movie,Super Nani,127
Movie,Tere Naal Love Ho Gaya,127
Movie,The Love Affair,127
Movie,Tim Minchin: So F**king Rock,127
Movie,Verses of Love 2,127
Movie,Virsa,127
Movie,​Goli Soda 2,128
Movie,Amy,128
Movie,Angamaly Diaries,128
Movie,Basic Instinct,128
Movie,BuyBust,128
Movie,Delhi 6,128
Movie,Dhamaal,128
Movie,EMI: Liya Hai To Chukana Padega,128
Movie,Gabbar Is Back,128
Movie,Holding the Man,128
Movie,I Hate Luv Storys,128
Movie,III Smoking Barrels,128
Movie,Jatts in Golmaal,128
Movie,Jo Pil-ho: The Dawning Rage,128
Movie,Jupiter Ascending,128
Movie,Kaminey,128
Movie,Made in China,128
Movie,Madras Café,128
Movie,Milk,128
Movie,Minnaminugu the FireFly,128
Movie,Muramba,128
Movie,One Day We'll Talk About Today,128
Movie,Pieces of a Woman,128
Movie,Poster Boys,128
Movie,Queen of the Desert,128
Movie,Saawan,128
Movie,Seven Sundays,128
Movie,Sherlock Holmes,128
Movie,Something's Gotta Give,128
Movie,Stardust,128
Movie,Starting Over Again,128
Movie,TE3N,128
Movie,The Great Magician,128
Movie,The World Is Not Enough,128
Movie,Truckbhar Swapna,128
Movie,True Grit,128
Movie,Tum Milo Toh Sahi,128
Movie,Wasp Network,128
Movie,6 Underground,129
Movie,Action Replayy,129
Movie,An Egyptian Story,129
Movie,Azhar,129
Movie,Blaze,129
Movie,BluffMaster!,129
Movie,Bucket List,129
Movie,Chal Dhar Pakad,129
Movie,Chasing the Dragon,129
Movie,Ghanchakkar,129
Movie,God of War,129
Movie,Half Girlfriend,129
Movie,Happy Go Lucky,129
Movie,Hawaizaada,129
Movie,High & Low The Movie,129
Movie,In This Corner of the World,129
Movie,Ishq Vishk,129
Movie,Luv Shuv Tey Chicken Khurana,129
Movie,"Main, Meri Patni Aur Woh",129
Movie,Manorama Six Feet Under,129
Movie,Mirage,129
Movie,Mirzya,129
Movie,Oh My God,129
Movie,Paan Singh Tomar,129
Movie,Phantom,129
Movie,Raging Bull,129
Movie,Spotlight,129
Movie,The Invisible Guardian,129
Movie,The Matrix Revolutions,129
Movie,World Trade Center,129
Movie,1898: Our Last Men in the Philippines,130
Movie,A Second Chance,130
Movie,A Silent Voice,130
Movie,Anaamika,130
Movie,Animal World,130
Movie,Apostle,130
Movie,Bad Genius,130
Movie,Bhangra Paa Le,130
Movie,Blind Detective,130
Movie,Bodyguard,130
Movie,CIA: Comrade in America,130
Movie,City of God,130
Movie,Gemini,130
Movie,GoldenEye,130
Movie,Ishqedarriyaan,130
Movie,Kaagar,130
Movie,Miss Julie,130
Movie,Namastey London,130
Movie,Pad Man,130
Movie,Pink,130
Movie,Shrek the Musical,130
Movie,Space Cowboys,130
Movie,Suckseed,130
Movie,The 12th Man,130
Movie,The Blue Elephant 2,130
Movie,The Emigrant,130
Movie,The Land,130
Movie,The Mayor,130
Movie,The Red Sea Diving Resort,130
Movie,The Trial of the Chicago 7,130
Movie,The Unmarried Wife,130
Movie,Tiger,130
Movie,Traffic Signal,130
Movie,USS Indianapolis: Men of Courage,130
Movie,Veerey Ki Wedding,130
Movie,Waar,130
Movie,What Lies Beneath,130
Movie,Yucatán,130
Movie,Abhinetri,131
Movie,Alexandria ... Why?,131
Movie,Bioscope,131
Movie,Caregiver,131
Movie,Greater,131
Movie,Humpty Sharma Ki Dulhania,131
Movie,Jhankaar Beats,131
Movie,Lucky: No Time for Love,131
Movie,Malang,131
Movie,Mallesham,131
Movie,Mary Poppins Returns,131
Movie,Mr. Chandramouli,131
Movie,Mud,131
Movie,National Treasure,131
Movie,No One Killed Jessica,131
Movie,Primal Fear,131
Movie,Raja Natwarlal,131
Movie,Saadey CM Saab,131
Movie,Sandy Wexler,131
Movie,Sarvam Thaala Mayam (Tamil Version),131
Movie,Sarvam Thaala Mayam (Telugu Version),131
Movie,Shonar Pahar,131
Movie,Soorma,131
Movie,Thank You,131
Movie,The Last Face,131
Movie,Thor: Ragnarok,131
Movie,Welcome to Sajjanpur,131
Movie,Zed Plus,131
Movie,Barcelona: A Love Untold,132
Movie,Billu,132
Movie,Bittersweet,132
Movie,Chal Mere Bhai,132
Movie,Di Renjie zhi Sidatianwang,132
Movie,Forensic,132
Movie,Gabriel and the Mountain,132
Movie,Jail,132
Movie,Jal,132
Movie,Janaan,132
Movie,Kaakan,132
Movie,Katti Batti,132
Movie,Khoon Khoon,132
Movie,Kis Kisko Pyaar Karoon,132
Movie,Lee Daniels' The Butler,132
Movie,Legend,132
Movie,Mala Kahich Problem Nahi,132
Movie,Matichya Chuli,132
Movie,Maza Pati Karodpati,132
Movie,Miracle in Cell No. 7,132
Movie,Motichoor Chaknachoor,132
Movie,Neevevaro,132
Movie,R.K.Nagar,132
Movie,Riphagen - The Untouchable,132
Movie,Story of an Egg,132
Movie,The Highwaymen,132
Movie,The Mistress,132
Movie,The Prom,132
Movie,Theeya Velai Seyyanum Kumaru,132
Movie,V for Vendetta,132
Movie,Wake Up Sid,132
Movie,Women of Mafia 2,132
Movie,Yaara O Dildaara,132
Movie,Aapla Manus,133
Movie,Aata Pita,133
Movie,Across the Universe,133
Movie,Asura: The City of Madness,133
Movie,Brooklyn's Finest,133
Movie,Dabbe 5: Zehr-i Cin,133
Movie,Die Another Day,133
Movie,Ee Nagaraniki Emaindi,133
Movie,Everybody Knows,133
Movie,Executive Decision,133
Movie,Ferrari Ki Sawaari,133
Movie,Grandmaster,133
Movie,John Carter,133
Movie,Judwaa,133
Movie,Kaake Da Viyah,133
Movie,Kay Dyache Bola,133
Movie,Kuppivala,133
Movie,Love Per Square Foot,133
Movie,Malaal,133
Movie,MANK,133
Movie,Nothing to Lose,133
Movie,Once Upon a Time in Mumbaai,133
Movie,"Plaire, aimer et courir vite",133
Movie,Raman Raghav 2.0,133
Movie,Sarvopari Palakkaran,133
Movie,Sillu Karuppatti,133
Movie,Tamasha,133
Movie,Teshan,133
Movie,The Ballad of Buster Scruggs,133
Movie,The Great Raid,133
Movie,The Kissing Booth 2,133
Movie,The Last Bomb of the Second World War,133
Movie,The Promise,133
Movie,Thug Life,133
Movie,Torbaaz,133
Movie,Wrong No.,133
Movie,Anwar,134
Movie,Bangistan,134
Movie,Disco Dancer,134
Movie,Dorasaani,134
Movie,Ek Hasina Thi,134
Movie,Evvarikee Cheppoddu,134
Movie,For Colored Girls,134
Movie,FullMetal Alchemist,134
Movie,Hostiles,134
Movie,Invictus,134
Movie,Jersey Boys,134
Movie,Madaari,134
Movie,Mahi NRI,134
Movie,Muran,134
Movie,Paheli,134
Movie,Pek Yakında,134
Movie,Rain Man,134
Movie,Run,134
Movie,Salaakhen,134
Movie,Snowden,134
Movie,"Trikal (Past, Present, Future)",134
Movie,26 Years,135
Movie,Baadshaho,135
Movie,Black Panther,135
Movie,Bypass Road,135
Movie,Chadi Jawani Budhe Nu,135
Movie,Chennai Express,135
Movie,Dabbe: The Possession,135
Movie,Freedom at Midnight,135
Movie,Fukrey,135
Movie,Game,135
Movie,Golmaal Returns,135
Movie,Hasee Toh Phasee,135
Movie,I'm Thinking of Ending Things,135
Movie,Jindua,135
Movie,Jora 10 Numbaria,135
Movie,Karthik Calling Karthik,135
Movie,Koi Aap Sa,135
Movie,Marriage Palace,135
Movie,Moor,135
Movie,Mudbound,135
Movie,Mumbai Meri Jaan,135
Movie,One by Two,135
Movie,One Day,135
Movie,ROMA,135
Movie,Shaurya: It Takes Courage to Make Right... Right,135
Movie,Sling Blade,135
Movie,Solo: A Star Wars Story,135
Movie,Solo: A Star Wars Story (Spanish Version),135
Movie,Suburra,135
Movie,Thackeray (Hindi),135
Movie,Thackeray (Marathi),135
Movie,The House Next Door,135
Movie,The Zoya Factor,135
Movie,Time to Hunt,135
Movie,Uncut Gems,135
Movie,Well Done Abba,135
Movie,X Large,135
Movie,ABCD: Any Body Can Dance,136
Movie,Baazaar,136
Movie,Destiny,136
Movie,Kucch To Hai,136
Movie,Manje Bistre,136
Movie,Mauli,136
Movie,Miracle,136
Movie,Miss India,136
Movie,Mucize,136
Movie,Muzaffarnagar Baaqi Hai,136
Movie,Pyaar Ka Punchnama 2,136
Movie,Road to Sangam,136
Movie,"Sincerely Yours, Dhaka",136
Movie,The Great Battle,136
Movie,The Hater,136
Movie,The Matrix,136
Movie,The Rainmaker,136
Movie,The Tree of Blood,136
Movie,7 Din Mohabbat In,137
Movie,A Clockwork Orange,137
Movie,Andhadhun,137
Movie,Beasts of No Nation,137
Movie,Black,137
Movie,Coach Carter,137
Movie,Company,137
Movie,Defiance,137
Movie,Dev.D,137
Movie,First They Killed My Father,137
Movie,Gol Maal,137
Movie,Gosford Park,137
Movie,Haani,137
Movie,High Society,137
Movie,Irada Pakka,137
Movie,Judge Singh LLB,137
Movie,Karzzzz,137
Movie,Kill Bill: Vol. 2,137
Movie,Maine Pyaar Kyun Kiya,137
Movie,Marriage Story,137
Movie,"Monty Python Live (Mostly): One Down, Five to Go",137
Movie,Nee Enge En Anbe,137
Movie,Pandora,137
Movie,Papa the Great,137
Movie,Qismat,137
Movie,Rosemary's Baby,137
Movie,Rowdy Rathore,137
Movie,Sadma,137
Movie,Socha Na Tha,137
Movie,Special 26,137
Movie,Sur: The Melody of Life,137
Movie,Teen Patti,137
Movie,The Man Who Feels No Pain,137
Movie,The Master,137
Movie,Udaan,137
Movie,Uma Maheswara Ugra Roopasya,137
Movie,Y.M.I.: Yeh Mera India,137
Movie,Baahubali: The Beginning (English Version),138
Movie,Bheeshma,138
Movie,Haapus,138
Movie,Hans Zimmer: Live in Prague,138
Movie,HOMECOMING: A film by Beyoncé,138
Movie,K-19: The Widowmaker,138
Movie,Kapoor & Sons,138
Movie,Masoom,138
Movie,Mystic River,138
Movie,PhotoCopy,138
Movie,Poshter Girl,138
Movie,Queen,138
Movie,The Lives of Others,138
Movie,The Mask of Zorro,138
Movie,The Matrix Reloaded,138
Movie,The Natural,138
Movie,The Visit,138
Movie,Angels & Demons,139
Movie,As Good as It Gets,139
Movie,Boss,139
Movie,Free State of Jones,139
Movie,I Am Not Madame Bovary,139
Movie,Kaabil,139
Movie,Mom,139
Movie,Mundeyan Ton Bachke Rahin,139
Movie,Operation Red Sea,139
Movie,Race 2,139
Movie,Rock On!!,139
Movie,Saheb Biwi Aur Gangster Returns,139
Movie,Spider-Man 3,139
Movie,The Devil All The Time,139
Movie,The Drug King,139
Movie,The Talented Mr. Ripley,139
Movie,Thottappan,139
Movie,25 Kille,140
Movie,Den of Thieves,140
Movie,Eat Pray Love,140
Movie,Himmatwala,140
Movie,Hunterrr,140
Movie,Illang: The Wolf Brigade,140
Movie,Issaq,140
Movie,Katha,140
Movie,Lara and the Beat,140
Movie,Love Aaj Kal,140
Movie,Offering to the Storm,140
Movie,Patiala House,140
Movie,Sardaar ji,140
Movie,Spyder,140
Movie,Steel Rain,140
Movie,Sur Sapata,140
Movie,Talaash,140
Movie,The Age of Shadows,140
Movie,The Karate Kid,140
Movie,The Place Beyond the Pines,140
Movie,What the Jatt!!,140
Movie,Wrong Side Raju,140
Movie,Bandie,141
Movie,Catch Me If You Can,141
Movie,Dushman,141
Movie,Ek Khiladi Ek Haseena,141
Movie,Gie,141
Movie,Hikaru Utada Laughter in the Dark Tour 2018,141
Movie,Insan,141
Movie,Iyore,141
Movie,Madness in the Desert,141
Movie,Molly's Game,141
Movie,Naam Shabana,141
Movie,Romeo Akbar Walter,141
Movie,Rustom,141
Movie,Sat Sri Akal,141
Movie,Sigaram Thodu,141
Movie,The King,141
Movie,The Pelican Brief,141
Movie,The Phantom of the Opera,141
Movie,A Flying Jatt,142
Movie,Care of Kancharapalem,142
Movie,Dostana,142
Movie,Hook,142
Movie,Jab Harry Met Sejal,142
Movie,Jatt James Bond,142
Movie,Once Upon a Time in Mumbai Dobaara!,142
Movie,Ram Jaane,142
Movie,Rolling Thunder Revue: A Bob Dylan Story by Martin Scorsese,142
Movie,Singham,142
Movie,Soekarno,142
Movie,1920,143
Movie,2 States,143
Movie,Babel,143
Movie,Elaan,143
Movie,Guna 369,143
Movie,Heroine,143
Movie,Howards End,143
Movie,Jab We Met,143
Movie,Laal Rang,143
Movie,Magnificent,143
Movie,Master,143
Movie,Psycho,143
Movie,Raees,143
Movie,Rudy Habibie,143
Movie,Singh Saab the Great,143
Movie,The Perfect Dictatorship,143
Movie,The Sky Is Pink,143
Movie,Ujala,143
Movie,22-Jul,144
Movie,Barfi!,144
Movie,Black Hawk Down,144
Movie,Gori Tere Pyaar Mein,144
Movie,Let It Fall: Los Angeles 1982-1992,144
Movie,Lucknow Central,144
Movie,Ready,144
Movie,Varane Avashyamund,144
Movie,Casino Royale,145
Movie,Dil Vil Pyaar Vyaar,145
Movie,For Greater Glory,145
Movie,Ghost Stories,145
Movie,GoodFellas,145
Movie,Judwaa 2,145
Movie,Kismat Konnection,145
Movie,Lalbaug Parel: Zali Mumbai Sonyachi,145
Movie,Sardaarji 2,145
Movie,Sex and the City: The Movie,145
Movie,Toilet: Ek Prem Katha,145
Movie,Vanjagar Ulagam,145
Movie,ABCD 2,146
Movie,Anjaan,146
Movie,Chitty Chitty Bang Bang,146
Movie,Dedh Ishqiya,146
Movie,Faraar,146
Movie,Oh! Baby (Malayalam),146
Movie,Oh! Baby (Tamil),146
Movie,PK,146
Movie,Satyagraha,146
Movie,Sex and the City 2,146
Movie,Shabd,146
Movie,Tim Minchin And The Heritage Orchestra Live,146
Movie,Udta Punjab,146
Movie,Alibaba Aur 40 Chor,147
Movie,Bad Boys II,147
Movie,Jaane Tu... Ya Jaane Na,147
Movie,Kurbaan,147
Movie,Lechmi,147
Movie,Naan Sigappu Manithan,147
Movie,The Help,147
Movie,War Horse,147
Movie,World Famous Lover,147
Movie,Yamla Pagla Deewana 2,147
Movie,7 Khoon Maaf,148
Movie,Aakhri Adaalat,148
Movie,Bhool Bhulaiyaa,148
Movie,Burning,148
Movie,Chaahat,148
Movie,Don 2,148
Movie,Gangaajal,148
Movie,Golmaal: Fun Unlimited,148
Movie,Inception,148
Movie,Into the Wild,148
Movie,Kabali (Hindi Version),148
Movie,Mi Shivajiraje Bhosale Boltoy,148
Movie,Shararat,148
Movie,Taramani,148
Movie,Thambi,148
Movie,The Endless Trench,148
Movie,The Perfect Picture: Ten Years Later,148
Movie,Yaar Gaddar,148
Movie,Oct-01,149
Movie,Balu Mahi,149
Movie,Bewafaa,149
Movie,Dear Zindagi,149
Movie,Gumrah,149
Movie,Humko Deewana Kar Gaye,149
Movie,Kya Kehna,149
Movie,Living in Bondage: Breaking Free,149
Movie,Playing for Time,149
Movie,Pyaar Ka Punchnama,149
Movie,The Da Vinci Code,149
Movie,The Last Days of American Crime,149
Movie,Welcome,149
Movie,Aadu 2,150
Movie,Ajab Prem Ki Ghazab Kahani,150
Movie,Avengers: Infinity War,150
Movie,Bhavesh Joshi Superhero,150
Movie,Fakta Ladh Mhana,150
Movie,Goyo: The Boy General,150
Movie,Hitler - A Career,150
Movie,Husbands in Goa,150
Movie,Kyo Kii... Main Jhuth Nahin Bolta,150
Movie,Lincoln,150
Movie,Ludo,150
Movie,Meghnadbodh Rohoshyo,150
Movie,Mugamoodi,150
Movie,Phir Hera Pheri,150
Movie,Raat Akeli Hai,150
Movie,Satrangi Re,150
Movie,Secret Superstar,150
Movie,Aiyyaa,151
Movie,Bhagam Bhag,151
Movie,Cahaya Dari Timur Beta Maluku,151
Movie,Citation,151
Movie,Daffedar,151
Movie,Ek Jaan Hain Hum,151
Movie,Encounter: The Killing,151
Movie,Haseena Maan Jaayegi,151
Movie,Kabhi Haan Kabhi Naa,151
Movie,Khido Khundi,151
Movie,The Departed,151
Movie,The Forest of Love,151
Movie,Tikli and Laxmi Bomb,151
Movie,Yanda Kartavya Aahe,151
Movie,Manmadhudu 2,152
Movie,Prince,152
Movie,Rencor tatuado,152
Movie,Sakhi,152
Movie,Star Wars: Episode VIII: The Last Jedi,152
Movie,Aitraaz,153
Movie,Dabbe 6: The Return,153
Movie,Eeda,153
Movie,Inglourious Basterds,153
Movie,Lal Patthar,153
Movie,Lolita,153
Movie,Mubarakan,153
Movie,Pyar Ke Do Pal,153
Movie,Rangoon,153
Movie,Satte Pe Satta,153
Movie,Springsteen on Broadway,153
Movie,Aashik Awara,154
Movie,Dilwale,154
Movie,GEN HOSHINO STADIUM TOUR “POP VIRUS”,154
Movie,Haider,154
Movie,Jackie Brown,154
Movie,Kalakalappu,154
Movie,Oh Darling Yeh Hai India,154
Movie,Pulp Fiction,154
Movie,Ramji Londonwaley,154
Movie,Superman Returns,154
Movie,The Death of Mr. Lazarescu,154
Movie,Zindagi Na Milegi Dobara,154
Movie,Brothers,155
Movie,Guru,155
Movie,Jagga Jasoos,155
Movie,Lorai: Play to Live,155
Movie,Mandi,155
Movie,Race,155
Movie,Soldier,155
Movie,Teefa in Trouble,155
Movie,The Physician,155
Movie,A Sun,156
Movie,Celluloid Man,156
Movie,Da 5 Bloods,156
Movie,Deewangee,156
Movie,Hera Pheri,156
Movie,Luck by Chance,156
Movie,Thaandavam,156
Movie,The Legend of Bhagat Singh,156
Movie,Vettai,156
Movie,Ani... Dr. Kashinath Ghanekar,157
Movie,Dhan Dhana Dhan Goal,157
Movie,Khushi,157
Movie,Oh! Baby,157
Movie,The Witness Who Didn't See Anything,157
Movie,You Carry Me,157
Movie,Aiyaary,158
Movie,Chup Chup Ke,158
Movie,Fashion,158
Movie,Hamara Dil Aapke Paas Hai,158
Movie,Les Misérables,158
Movie,Mujhse Shaadi Karogi,158
Movie,Punjab 1984,158
Movie,Singapore,158
Movie,The Girl with the Dragon Tattoo,158
Movie,There Will Be Blood,158
Movie,Baahubali: The Beginning (Hindi Version),159
Movie,Baahubali: The Beginning (Tamil Version),159
Movie,Phir Bhi Dil Hai Hindustani,159
Movie,Rang De Basanti,159
Movie,Sanju,159
Movie,Zero,159
Movie,Andaz Apna Apna,160
Movie,Baahubali: The Beginning (Malayalam Version),160
Movie,Kannum Kannum Kollaiyadithaal,160
Movie,One 2 Ka 4,160
Movie,Sohni Mahiwal,160
Movie,Yuva,160
Movie,Apaharan,161
Movie,Bogda,161
Movie,Dangal,161
Movie,Friendship,161
Movie,Ghulam-E-Musthafa,161
Movie,No Entry,161
Movie,Qila,161
Movie,The Gospel of John,161
Movie,The Great Gambler,161
Movie,Ala Vaikunthapurramuloo,162
Movie,Angu Vaikuntapurathu (Malayalam),162
Movie,Black Friday,162
Movie,Drishyam,162
Movie,Dum,162
Movie,Jaal,162
Movie,Manoranjan,162
Movie,Mersal,162
Movie,Players,162
Movie,Raajneeti,162
Movie,Sarkar,162
Movie,Taare Zameen Par,162
Movie,Tukaram,162
Movie,American Honey,163
Movie,English Babu Desi Mem,163
Movie,Fiza,163
Movie,Ghayal,163
Movie,Jaan-E-Mann: Let's Fall in Love... Again,163
Movie,Love Ni Bhavai,163
Movie,Mujrim,163
Movie,Palm Trees in the Snow,163
Movie,Professor,163
Movie,Shikari,163
Movie,The Sinking Of Van Der Wijck,163
Movie,3 Idiots,164
Movie,Aarakshan,164
Movie,Chamatkar,164
Movie,Prem Ratan Dhan Payo,164
Movie,Baahubali 2: The Conclusion (Hindi Version),165
Movie,Dil,165
Movie,Django Unchained,165
Movie,Duplicate,165
Movie,Kyaa Kool Hai Hum,165
Movie,Kyun! Ho Gaya Na,165
Movie,Natsamrat - Asa Nat Hone Nahi,165
Movie,Pukar,165
Movie,Baahubali 2: The Conclusion (Malayalam Version),166
Movie,Baahubali 2: The Conclusion (Tamil Version),166
Movie,Barsaat,166
Movie,Chalte Chalte,166
Movie,Dil Se,166
Movie,Once Upon a Time in the West,166
Movie,Vivah,166
Movie,Gangs of New York,167
Movie,A Fortunate Man,168
Movie,Asoka,168
Movie,Bobby,168
Movie,Mohenjo Daro,168
Movie,Shakti: The Power,168
Movie,Shiva,168
Movie,The Hateful Eight,168
Movie,Don,169
Movie,Om Shanti Om,169
Movie,Duniya,170
Movie,Ho Mann Jahaan,170
Movie,Khalnayak,170
Movie,Petta,170
Movie,Petta (Telugu Version),170
Movie,Andhaghaaram,171
Movie,Andhakaaram,171
Movie,Kabir Singh,171
Movie,Main Hoon Na,171
Movie,Namak Halaal,171
Movie,Panipat - The Great Betrayal,171
Movie,Yaadein,171
Movie,Amar Akbar Anthony,172
Movie,Cloud Atlas,172
Movie,Muqaddar ka Faisla,172
Movie,Saaho,172
Movie,Kaalia,173
Movie,Mann,173
Movie,Sairat,173
Movie,Sayed the Servant,173
Movie,Trimurti,173
Movie,Agneepath,174
Movie,Dil Dhadakne Do,174
Movie,A Bridge Too Far,176
Movie,Dil Hai Tumhaara,176
Movie,Hum Saath-Saath Hain,176
Movie,Super Deluxe,176
Movie,Together For Eternity,176
Movie,Bye Bye London,177
Movie,Manu,177
Movie,Raja Hindustani,177
Movie,Taal,177
Movie,Ram Teri Ganga Maili,178
Movie,Happy New Year,179
Movie,The Lord of the Rings: The Two Towers,179
Movie,Blue Is the Warmest Color,180
Movie,This Earth of Mankind,180
Movie,Fiddler on the Roof,181
Movie,Jis Desh Men Ganga Behti Hai,181
Movie,King of Boys,182
Movie,Dil Chahta Hai,185
Movie,Kuch Kuch Hota Hai,185
Movie,Lakshya,185
Movie,Mutiny on the Bounty,185
Movie,Swades,185
Movie,Aurora,186
Movie,Kal Ho Naa Ho,187
Movie,Pardes,187
Movie,Magnolia,189
Movie,The Gospel of Matthew,190
Movie,Unbreakable Kimmy Schmidt: Kimmy vs. the Reverend,190
Movie,Wyatt Earp,191
Movie,Kabhi Alvida Naa Kehna,192
Movie,Maine Pyar Kiya,192
Movie,Hum Aapke Hain Koun,193
Movie,Saladin,194
Movie,Schindler's List,195
Movie,The Married Couples,195
Movie,Elephants Dream 4 Hour,196
Movie,Doctor Zhivago,200
Movie,The Lord of the Rings: The Return of the King,201
Movie,What's Your Raashee?,203
Movie,Fifty Year Old Teenager,204
Movie,The Gospel of Luke,205
Movie,No Direction Home: Bob Dylan,208
Movie,Kabhi Khushi Kabhie Gham,209
Movie,The Irishman,209
Movie,Jodhaa Akbar,214
Movie,Lagaan,224
Movie,Sangam,228
Movie,Raya and Sakina,230
Movie,Lock Your Girls In,233
Movie,No Longer kids,237
Movie,The School of Mischief,253
Movie,Black Mirror: Bandersnatch,312
