JobTitle,count
Transit Operator,7036
Special Nurse,4389
Registered Nurse,3736
Public Svc Aide-Public Works,2518
Police Officer 3,2421
Custodian,2416
TRANSIT OPERATOR,2388
Firefighter,2359
Recreation Leader,1971
Patient Care Assistant,1945
Deputy Sheriff,1933
Police Officer,1476
SPECIAL NURSE,1402
Public Service Trainee,1328
REGISTERED NURSE,1219
Police Officer 2,1141
Attorney (Civil/Criminal),1126
Porter,1095
Sergeant 3,1047
General Laborer,1033
EMT/Paramedic/Firefighter,918
Gardener,894
Parking Control Officer,868
Senior Clerk,840
Library Page,799
CUSTODIAN,796
FIREFIGHTER,794
POLICE OFFICER III,779
Clerk,764
Eligibility Worker,760
Senior Clerk Typist,745
Licensed Vocational Nurse,707
RECREATION LEADER,692
DEPUTY SHERIFF,685
Nurse Practitioner,674
Stationary Engineer,660
Electrical Transit System Mech,631
PS Aide to Prof,627
Protective Services Worker,616
Senior Administrative Analyst,615
Transit Supervisor,613
Medical Evaluations Assistant,613
Museum Guard,606
Junior Clerk,596
Publ Svc Aide-Asst to Prof,574
"Lieutenant, Fire Suppression",572
Senior Eligibility Worker,571
MENTAL HEALTH REHABILITATION WORKER,559
Community Police Services Aide,559
School Crossing Guard,558
Food Service Worker,544
PUBLIC SERVICE AIDE-SPECIAL PROGRAMS,531
Librarian 1,530
Truck Driver,527
Pr Administrative Analyst,512
Assoc Engineer,507
Public SafetyComm Disp,473
Engineer,471
POLICE OFFICER I,467
HSA Sr Eligibility Worker,467
Asst Engr,461
"Stationary Eng, Sewage Plant",457
Senior Account Clerk,439
Health Worker 3,438
Automotive Mechanic,436
Electronic Maintenance Tech,430
Manager III,421
"StdntDsgnTrain1, Arch/Eng/Plng",417
Health Worker 2,415
Manager II,399
Nursing Assistant,392
Physician Specialist,392
Senior Physician Specialist,390
Manager I,388
ATTORNEY (CIVIL/CRIMINAL),377
GENERAL LABORER,377
Deputy Probation Officer,377
Psychiatric Social Worker,376
Pool Lifeguard,374
PORTER,370
Administrative Analyst,368
Painter,363
POLICE OFFICER II,361
Clerk Typist,352
Principal Clerk,350
Automotive Service Worker,340
Manager IV,330
PUBLIC SERVICE TRAINEE,328
Senior Personnel Analyst,328
"Counselor, Juvenile Hall",319
PS Aide Health Services,319
Inspector 3,318
Electrician,317
SENIOR CLERK TYPIST,310
LIBRARY PAGE,308
SENIOR ELIGIBILITY WORKER,308
Lieutenant 3,303
FIRE FIGHTER PARAMEDIC,301
Secretary 2,301
Medical Social Worker,298
SERGEANT III (POLICE DEPARTMENT),295
Library Assistant,294
GARDENER,293
IS Business Analyst-Principal,289
Deputy Court Clerk II,288
Eng/Arch/Landscape Arch Sr,285
Accountant III,278
PARKING CONTROL OFFICER,272
IS Engineer-Senior,271
Transit Car Cleaner,268
Account Clerk,268
Nurse Manager,262
Hospital Eligiblity Worker,257
Manager V,251
IS Business Analyst-Senior,251
Senior Deputy Sheriff,250
"Marriage, Family & Child Cnslr",249
Senior Social Worker,244
Management Assistant,241
Library Technical Assistant 1,237
Personnel Analyst,236
STATIONARY ENGINEER,226
Carpenter,226
Accountant II,226
SENIOR CLERK,224
ELIGIBILITY WORKER,220
CLERK,219
Unit Clerk,218
Automotive Machinist,216
MUSEUM GUARD,215
"Captain, Fire Suppression",211
Program Specialist,210
PROTECTIVE SERVICES WORKER,208
Junior Engineer,208
NURSE PRACTITIONER,207
Customer Service Agent,206
ELECTRICAL TRANSIT SYSTEM MECHANIC,204
"StdntDsgnTrain3, Arch/Eng/Plng",204
Pharmacy Technician,202
TRANSIT SUPERVISOR,199
Sr Payroll & Personnel Clerk,199
Deputy Court Clerk III,199
Manager VI,198
Plumber,198
Junior Administrative Analyst,198
LICENSED VOCATIONAL NURSE,194
Swimming Instructor,193
Construction Inspector,192
SENIOR ADMINISTRATIVE ANALYST,191
Eligibility Worker Supervisor,191
StdntDsgn Train2/Arch/Eng/Plng,188
AIRPORT POLICE SERVICES AIDE,187
Recreation Coordinator,187
Sheriff's Cadet,186
Legal Secretary 1,184
Executive Secretary 1,184
LIBRARIAN I,182
TRUCK DRIVER,182
PUBLIC SERVICE AIDE-ASSOCIATE TO PROFESSIONALS,182
Housekeeper/Food Service Clnr,181
Utility Plumber,178
Executive Secretary 2,178
Public Health Nurse,177
Health Care Billing Clerk 2,177
Payroll Clerk,175
Planner 3,174
Librarian 2,174
Social Worker,172
Accountant IV,171
"LIEUTENANT, FIRE DEPARTMENT",170
Building Inspector,170
Child Support Officer II,167
Employment & Training Spec 3,167
Health Program Coordinator 3,167
Physical Therapist,166
"BdComm Mbr, Grp5,M$100/Mo",166
MEDICAL EVALUATIONS ASSISTANT,165
Pharmacist,165
Custodial Assistant Supervisor,164
"Station Agent, Muni Railway",164
Admission Attendant,164
Health Worker 1,163
DEPUTY COURT CLERK II,162
"INSPECTOR III, (POLICE DEPARTMENT)",162
PUBLIC SAFETY COMMUNICATIONS DISPATCHER,159
ENGINEER,159
JUNIOR CLERK,159
"STATIONARY ENGINEER, SEWAGE PLANT",158
IS Engineer-Journey,158
FOOD SERVICE WORKER,157
Transit Fare Inspector,157
IS Engineer-Principal,156
IS Business Analyst,155
Utility Specialist,154
SCHOOL CROSSING GUARD,154
Senior Management Assistant,154
Medical Records Clerk,154
Bldg & Grounds Patrol Officer,154
Sheriff's Sergeant,153
PUBLIC SERVICE AIDE-ASSISTANT TO PROFESSIONALS,151
MANAGER III,150
Clinical Psychologist,149
Camp Assistant,149
HEALTH WORKER III,148
ASSOCIATE ENGINEER,148
SENIOR ACCOUNT CLERK,148
Sr. Community Devl Spc 1,148
IS Project Director,147
Occupational Therapist,147
PRINCIPAL ADMINISTRATIVE ANALYST,146
ASSISTANT ENGINEER,146
Home Health Aide,146
"COUNSELOR, JUVENILE HALL",144
HSA Social Worker,141
PUBLIC SERVICE AIDE-HEALTH SERVICES,139
Senior Legal Process Clerk,139
Testing Technician,139
Clinical Pharmacist,138
Statnry Eng Water Treat Plant,138
Nursing Supervisor,137
General Laborer Supervisor 1,137
Senior Water Services Clerk,137
IT Operations Support Admn III,137
SENIOR PHYSICIAN SPECIALIST,136
DEPUTY PROBATION OFFICER,136
PHYSICIAN SPECIALIST,136
CLERK TYPIST,135
Commissioner No Benefits,134
ELECTRONIC MAINTENANCE TECHNICIAN,133
Maintenance Machinist,133
"Head Atty, Civil & Criminal",131
Sergeant 2,131
SENIOR SOCIAL WORKER,129
"Operating Engineer, Universal",129
Fare Collections Receiver,128
Airport Safety Officer,128
HEALTH WORKER II,127
NURSING ASSISTANT,127
AUTOMOTIVE MECHANIC,126
Medical Records Technician,126
Legislative Assistant,125
Junior Management Assistant,125
MANAGER I,124
"BdComm Mbr, Grp2,M=$25/Mtg",124
PSYCHIATRIC SOCIAL WORKER,123
Diagnostic Imaging Tech I,123
SECRETARY II,120
SWIMMING INSTRUCTOR/POOL LIFEGUARD,119
Senior Collections Officer,119
MANAGER II,118
Protective Services Supervisor,118
"Sr. Stationary Eng, Sew Plant",117
"BdComm Mbr, Grp3,M=$50/Mtg",116
Environmental Service Worker,115
Dep Dir III,114
Senior Personnel Clerk,114
STUDENT DESIGN TRAINEE 1/ARC-ENG-PLNG,113
IS Administrator 2,113
Principal Account Clerk,113
Cement Mason,111
AUTOMOTIVE SERVICE WORKER,110
Storekeeper,110
Parts Storekeeper,109
PAINTER,108
MANAGER IV,108
Human Services Technician,108
Planner 2,106
Automotive Body & Fender Wrk,106
Park Section Supervisor,106
Communications Dispatcher 1,106
PRINCIPAL CLERK,105
Court Reporter,105
Psychiatric Technician,105
Senior Stationary Engineer,105
DEPUTY COURT CLERK III,104
IT Operations Support Admin IV,104
Sheriff's Lieutenant,103
Sr Environmental Hlth Insp,103
Superior Court Judge,102
LIBRARY ASSISTANT,101
Captain 3,101
Senior Parking Control Officer,100
X-Ray Laboratory Aide,100
Real Property Appraiser,100
PRINCIPAL ACCOUNTANT,99
SENIOR ENGINEER,99
Engineering Associate 1,99
LIEUTENANT III (POLICE DEPARTMENT),98
Diagnostic Imaging Tech II,97
Social Work Specialist,97
Track Maintenance Worker,96
Contract Compliance Officer 1,96
Cook,96
Library Technical Assistant 2,96
DA Investigative Assist,96
Dep Dir II,95
MEDICAL SOCIAL WORKER,94
Sheet Metal Worker,94
Legal Assistant,94
ADMINISTRATIVE ANALYST,93
Sewer Service Worker,93
SENIOR DEPUTY SHERIFF,92
"Claims Investigator, CA",92
SENIOR PERSONNEL ANALYST,91
Senior Telephone Operator,89
Central Processing & Dist Tech,88
ELECTRICIAN,87
Communications Dispatcher 2,87
IS BUSINESS ANALYST - PRINCIPAL,86
Security Guard,86
Utility Plumber Supervisor 1,86
Health Worker 4,86
Engineer/Architect Principal,86
Watershed Worker (Seasonal),86
IS ENGINEER - SENIOR,85
Airport Communications Disp,85
HOSPITAL ELIGIBILITY WORKER,84
MANAGER V,84
Sr Community Dev Spec 2,84
ACCOUNT CLERK,83
Engineering Associate 2,83
TRANSIT CAR CLEANER,82
Water Service Inspector,82
Sr Psychiatric Social Worker,82
Elections Clerk,82
UNIT CLERK,80
NURSE MANAGER,80
Emp & Training Spec 2,80
"MARRIAGE, FAMILY & CHILD COUNSELOR (MFCC)",79
IS Programmer Analyst-Senior,79
Sign Worker,79
LIBRARY TECHNICAL ASSISTANT I,78
IS ADMINISTRATOR II,78
Secretary 1,78
Planner 3-Environmental Review,78
Deputy Sheriff 1,78
IS BUSINESS ANALYST - SENIOR,77
Maintenance Planner,77
CARPENTER,76
"Manager IV, MTA",76
Estate Investigator,76
Watershed Keeper,76
Apprentice Gardener,76
"Manager II, MTA",75
Arborist Technician,75
"Captain, Emergency Med Svcs",75
Cashier 2,75
Dep Dir IV,74
Nutritionist,74
Park Patrol Officer,74
Worker's Compensation Adjuster,74
Electrical Inspector,74
"Insp, Fire Dept",74
Public SafetyComm Supv,73
Manager VII,73
Benefits Technician,73
SENIOR CUSTOMER SERVICE AGENT,72
Assistant Purchaser,72
"CAPTAIN, FIRE SUPPRESSION",71
Manager VIII,71
Assistant Chief Attorney 1,71
Communications Systems Tech,70
Environmental Assistant,70
Water QualityTech I/II,69
PERSONNEL ANALYST,68
Clinical Nurse Specialist,68
"Electrl Trnst Mech, Asst Sprv",68
IT Operations Support Admin II,68
PLUMBER,67
Dietitian,67
MANAGEMENT ASSISTANT,66
AUTOMOTIVE MACHINIST,66
PAYROLL CLERK,66
MANAGER VI,66
EXECUTIVE SECRETARY I,66
Street Inspector,66
Assistant Storekeeper,66
Stage Electrician,66
Health Program Coordinator 2,66
Anesthetist,66
Electrical Line Helper,66
UTILITY PLUMBER,65
PROGRAM SPECIALIST,65
EXECUTIVE SECRETARY II,65
Executive Secretary 3,65
Permit and Citation Clerk,65
Program Support Analyst,65
Assistant Retirement Analyst,65
Parking Meter Repairer,65
"Battalion Chief, Fire Suppress",65
SHERIFF'S CADET,64
HEALTH WORKER I,64
STUDENT DESIGN TRAINEE 3/ARC-ENG-PLNG,64
SENIOR ACCOUNTANT,64
Training Officer,64
Environmental Health Inspector,64
Personnel Clerk,64
PHARMACY TECHNICIAN,63
SENIOR PAYROLL AND PERSONNEL CLERK,63
Public Relations Officer,63
Emp & Training Spec 4,63
HEALTH CARE BILLING CLERK II,62
COURT REPORTER,62
STUDENT DESIGN TRAINEE 2/ARC-ENG-PLNG,62
Physician Assistant,62
Planner 4,62
Cable Splicer,62
Environmental Spec,62
"Counselor, Log Cabin Ranch",62
Senior Food Service Worker,62
RECREATION COORDINATOR,61
Utility Analyst,61
Sr. Environmental Spec,61
Epidemiologist 2,61
TESTING TECHNICIAN,61
Victim/Witness Investigator 1,61
LEGAL SECRETARY I,60
CONSTRUCTION INSPECTOR,60
Prnpl Admin Analyst II,60
Snr Permit and Citation Clerk,60
Traffic Signal Electrician,60
Housing Inspector,60
Accountant Intern,60
ASR Senior Office Specialist,60
CHILD SUPPORT OFFICER II,59
Health Care Analyst,59
CAMP ASSISTANT,59
Asphalt Worker,59
Social Work Supervisor,59
Institution Utility Worker,59
PUBLIC HEALTH NURSE,58
LIBRARIAN II,58
HOUSEKEEPER/FOOD SERVICE CLEANER,58
IS ADMINISTRATOR III,58
IS Administrator 3,58
PLANNER III,57
JUNIOR ENGINEER,57
ELIGIBILITY WORKER SUPERVISOR,57
Transit Power Line Worker,57
Nurses Staffing Assistant,57
Legal Process Clerk,57
Community Development Spec,56
"BOARD/COMMISSION MEMBER, GROUP V",56
Swimming Instr/Pool Lifeguard,56
Media Production Tech,56
Cashier 1,56
Hospital Eligibility Worker,56
SHERIFF'S SERGEANT,55
Project Manager 1,55
IS Prg Analyst-Principal,55
Special Examiner,55
Recreation Specialist,55
Architectural Associate 2,54
Project Manager 2,54
Assistant Const Inspector,54
Nurse Midwife,54
"Counselor, Juvenile Hall SFERS",54
"Sr Statnry Eng, Wtr Treat Plnt",53
Invstgtor Ofc Citizen Cmplnts,53
SUPERIOR COURT JUDGE,53
Dental Aide,53
"STATION AGENT, MUNICIPAL RAILWAY",52
UTILITY SPECIALIST,52
OCCUPATIONAL THERAPIST,52
CLINICAL PSYCHOLOGIST,52
BUILDING INSPECTOR,52
MEDICAL RECORDS CLERK,52
Bldgs & Grounds Maint Supt,52
Librarian 3,52
Supervising Physician Spec,52
Pr Payroll & Personnel Clerk,52
Personal Property Auditor,52
"Chf Stationary Eng, Sew Plant",52
Patient Svcs Finance Tech,52
SENIOR SYSTEMS ACCOUNTANT,51
VENDOR,51
SENIOR LEGAL PROCESS CLERK,51
CUSTODIAL ASSISTANT SUPERVISOR,51
HOME HEALTH AIDE,51
EMPLOYMENT AND TRAINING SPECIALIST III,51
IS ENGINEER - JOURNEY,51
Electr Instrmntn Tech Wtr Poll,51
Deputy Probation Officer SFERS,51
Car and Auto Painter,51
Employment & Training Spec 1,51
Lighting Fixture Maint Worker,51
PHARMACIST,50
"OPERATING ENGINEER, UNIVERSAL",50
Window Cleaner,50
Plumbing Inspector,50
Dep Dir V,50
Architectural Assistant 2,50
Airport Electrician,50
"Commissioner 16.700c, No Pay",50
BUILDING AND GROUNDS PATROL OFFICER,49
Commercial Div Asst Sprv,49
Electr Maint Tech Asst Sprv,49
Museum Preparator,49
HEALTH PROGRAM COORDINATOR III,48
PHYSICAL THERAPIST,48
ACCOUNTANT INTERN,48
Surgical Procedures Technician,48
Train Controller,48
Contract Compliance Officer 2,48
"Manager VI, MTA",48
IS ENGINEER - PRINCIPAL,47
"STATIONARY ENGINEER, WATER TREATMENT PLANT",47
IS BUSINESS ANALYST,47
Health Educator,47
Rehabilitation Svcs Coord,47
Steamfitter,47
Patient Accounts Clerk,47
MAINTENANCE MACHINIST,46
GENERAL LABORER SUPERVISOR I,46
IS PROJECT DIRECTOR,46
COMMISSIONER,46
Criminalist II,46
Dentist,46
Animal Care Attendant,46
"BATTALION CHIEF, (FIRE DEPARTMENT)",45
FARE COLLECTIONS RECEIVER,45
JUNIOR ADMINISTRATIVE ANALYST,45
"HEAD ATTORNEY, CIVIL AND CRIMINAL",45
PSYCHIATRIC TECHNICIAN,45
Chief Clerk,45
Fingerprint Technician 2,45
Chemist I/II,45
"Manager V, MTA",45
District Attry's Investigator,45
Engineering Assistant,45
NURSING SUPERVISOR,44
SENIOR MANAGEMENT ASSISTANT,44
SENIOR COLLECTIONS OFFICER,44
Public Health Team Leader,44
Sr Personal Property Auditor,44
Benefits Analyst,44
Senior Const Inspector,44
Environmental Hlth Tech 1,44
SENIOR WATER SERVICES CLERK,43
Senior Real Property Appraiser,43
Traffic Survey Technician,43
"BOARD/COMMISSION MEMBER, GROUP II",43
Chief Stationary Engineer,43
Planner 1,43
Public Service Aide-Admin,43
TRANSIT FARE INSPECTOR,42
Planner 4-Environmental Review,42
Biologist I/II,42
Pile Worker,42
Electrical Line Worker,42
Auditor II,42
Victim/Witness Investigator 3,42
"SENIOR STATIONARY ENGINEER, SEWAGE PLANT",41
SOCIAL WORKER,41
Sr Fare Collections Receiver,41
Public Information Officer,41
Speech Pathologist,41
ASR-Office Assistant,41
AIRPORT SAFETY OFFICER,40
EMPLOYMENT & TRAINING SPECIALIST II,40
Utility Plumber Apprentice,40
"Aprntc Statnry Eng, Sew Plant",40
Performance Analyst II,40
Architect,40
Landscape Architect Assoc 1,40
Industrial Hygienist,40
Court Supervisor II,40
CIVIL ENGINEERING ASSOCIATE I,39
General Utility Mechanic,39
"Sr Counselor, Juvenile Hall",39
Airport Operations Supervisor,39
Survey Associate,39
Painter Supervisor 1,39
Transit Planner III,39
"Research Asst, Superior Court",39
MEDICAL RECORDS TECHNICIAN,38
AUTOMOTIVE BODY AND FENDER WORKER,38
PRINCIPAL ACCOUNT CLERK,38
PROTECTIVE SERVICES SUPERVISOR,38
IS Programmer Analyst,38
Welder,38
Sprv Adult Probation Ofc,38
IS Manager,38
Airport Economic Planner,38
"Sergeant, (Police Department)",38
Animal Control Officer,38
SENIOR ENVIRONMENTAL HEALTH INSPECTOR,37
CAPTAIN III (POLICE DEPARTMENT),37
HUMAN SERVICES TECHNICIAN,37
SHERIFF'S LIEUTENANT,37
SENIOR STATIONARY ENGINEER,37
SENIOR PERSONNEL CLERK,37
Institutional Police Officer,37
Safety Analyst,37
Senior Purchaser,37
Legal Secretary 2,37
Therapy Aide,37
ASSESSMENT CLERK,36
PLANNER II,36
PARTS STOREKEEPER,36
Survey Assistant II,36
"Battlion Chief, Fire Suppressi",36
Architectural Associate 1,36
Airport Property Specialist 1,36
Regulatory Specialist,36
Automotive Mechanic Asst Sprv,36
Asphalt Finisher,36
Shelter Service Rep,36
SENIOR COMMUNITY DEVELOPMENT SPECIALIST I,35
SENIOR TELEPHONE OPERATOR,35
DIAGNOSTIC IMAGING TECH I,35
LEGISLATIVE ASSISTANT,35
STOREKEEPER,35
Survey Assistant I,35
Water Operations Analyst,35
Architectural Assistant 1,35
Electrician Supervisor 1,35
"Member, Board of Supervisors",35
Recreation Director,35
HSA Emp & Training Spec II,35
COOK,34
CEMENT MASON,34
ENVIRONMENTAL SERVICE WORKER,34
Volunteer/Outreach Coord,34
Citizens Complaint Officer,34
"Manager VIII, MTA",34
Project Manager 3,34
Trans and Dist Line Worker,34
Meter Reader,34
CONTRACT COMPLIANCE OFFICER I,33
CLINICAL PHARMACIST,33
COMMUNICATIONS DISPATCHER II,33
TRACK MAINTENANCE WORKER,33
CLAIMS INVESTIGATOR CITY ATTORNEYS OFFICE,33
LIBRARY TECHNICAL ASSISTANT II,33
Dept Head I,33
Public Defender's Investigator,33
Supv Chemist,33
"BOARD/COMMISSION MEMBER, GROUP III",33
Child Support Officer III,33
Street Environ Svcs Oprs Supv,33
Court Interpreter,33
Health Program Coordinator 1,33
Asst Materials Coordinator,33
Customer Service Agent Trainee,33
Assessor-Recorder Office Spec,33
Health Care Billing Clerk 1,33
Arts Program Assistant,33
PRINCIPAL CIVIL ENGINEER,32
WATER QUALITY TECHNICIAN I/II,32
DEPUTY DIRECTOR II,32
Transit Planner 4,32
Transit Manager 2,32
EEO Senior Specialist,32
Porter Supervisor 1,32
Custodial Supervisor,32
Principal Water Services Clerk,32
Employee Relations Representat,32
Water Quality Technician,32
PARK SECTION SUPERVISOR,31
SHEET METAL WORKER,31
Fire Safety Inspector 2,31
Locksmith,31
Purchaser,31
Senior Benefits Analyst,31
IT Operations Support Admin V,31
Deputy Court Clerk I,31
Admin Hearing Examiner,31
DISTRICT ATTORNEY'S INVESTIGATIVE ASSISTANT,30
CENTRAL PROCESSING AND DISTRIBUTION TECHNICIAN,30
Senior Industrial Hygienist,30
"Sr Marriage, Fam & Cld Cnslr",30
Recreation Supervisor,30
Trans Safety Specialist,30
WATERSHED WORKER (SEASONAL),30
Sr Airport Communications Disp,30
Wire Rope Cable Maint Mechanic,30
COMMUNICATIONS DISPATCHER I,29
UTILITY PLUMBER SUPERVISOR I,29
LEGAL ASSISTANT,29
Ornamental Iron Worker,29
Auditor III,29
Employment & Training Spec 5,29
Administrative Engineer,29
Carpenter Supervisor 1,29
Laboratory Technician II,29
Personnel Technician,29
SENIOR PSYCHIATRIC SOCIAL WORKER,28
DIAGNOSTIC IMAGING TECH II,28
WATER SERVICE INSPECTOR,28
"COUNSELOR, LOG CABIN RANCH",28
HEALTH WORKER IV,28
"Manager III, MTA",28
Health Program Planner,28
Dist Atty Investigator (SFERS),28
Automotive Machinist Sprv 1,28
Maintenance Controller,28
Senior Parts Storekeeper,28
"Investigator, Tax Collector",28
"Lieut,Fire Prev",28
Museum Sec Supv,28
Senior Health Program Planner,28
SECRETARY I,27
DEPUTY DIRECTOR III,27
AIRPORT COMMUNICATIONS OPERATOR,27
CLINICAL NURSE SPECIALIST,27
Sewage Treatment Plant Supt,27
Med Examiner's Investigator II,27
Sewer Maintenance Worker,27
Transit Planner 2,27
Plumber Supervisor 1,27
Asphalt Finisher Supervisor 1,27
Diagnostic Imaging Tech III,27
Apprentice Stationary Engineer,27
Aquatics Facility Asst Supv,27
Assessment Clerk,27
REAL PROPERTY APPRAISER,26
X-RAY LABORATORY AIDE,26
MANAGER VIII,26
ASPHALT WORKER,26
ASSISTANT RETIREMENT ANALYST,26
SENIOR PARKING CONTROL OFFICER,26
Wastewater Control Inspector,26
Glazier,26
Senior Building Inspector,26
Senior Water Service Inspector,26
Food Service Supervisor,26
Diagnostic Imaging Tech IV,26
Transit Car Cleaner Asst Sprv,26
IS Business Analyst-Assistant,26
Crafts Instructor,26
Sheriff's Property Keeper,26
City Planning Intern,26
SECURITY GUARD,25
MANAGER VII,25
ENGINEERING ASSOCIATE II,25
IS ADMINISTRATOR I,25
IS PROGRAMMER ANALYST - SENIOR,25
SEWER SERVICE WORKER,25
ANESTHETIST,25
Power Generation Technician 2,25
Hospital Elig Wrk Supervisor,25
Materials Coordinator,25
Med Examiner's Investigator I,25
Bldg & Grounds Maint Sprv,25
Pub Safety Communication Coord,25
Curator 2,25
Transcriber Typist,25
Senior Storekeeper,25
Fingerprint Technician 1,25
SENIOR POLICE COMMUNICATIONS DISPATCHER,24
SIGN WORKER,24
"CAPTAIN, EMERGENCYCY MEDICAL SERVICES",24
TREE TOPPER,24
CABLE SPLICER,24
CASHIER II,24
ELECTRICAL LINE HELPER,24
Epidemiologist 1,24
IS Administrator-Supervisor,24
Mayoral Staff XV,24
Assistant Health Educator,24
Comm Pol Svcs Aide Supervisor,24
Principal Environ Specialist,24
Coord of Citizen Involvement,24
Water Quality Tech III,24
Telephone Operator,24
Disease Control Investigator,24
IT Operations Support Admin I,24
ASSISTANT CHIEF ATTORNEY I,23
NUTRITIONIST,23
DISTRICT ATTORNEY'S INVESTIGATOR,23
BIOLOGIST I/II,23
BENEFITS TECHNICIAN,23
ASSISTANT PURCHASER,23
MAINTENANCE PLANNER,23
SENIOR COMMUNITY DEVELOPMENT SPECIALIST II,23
PERMIT AND CITATION CLERK,23
COMMUNICATIONS SYSTEMS TECHNICIAN,23
SOCIAL WORK SPECIALIST,23
DEPUTY DIRECTOR IV,23
Arborist Technician Supervisor,23
Integrated Pest Mgmt Specialst,23
Perf Analyst III Project Mgr,23
Dept Head III,23
Roofer,23
Utility Plumber Supervisor 2,23
Sheriff's Captain,23
Switch Repairer,23
Electric Motor Repairer,23
Track Maint Wrk Sprv 1,23
Aquatics Facility Supervisor,23
Graphic Artist,23
"Brd Comm Mbr, M=$200/Mtg",23
Community Development Asst,23
Biologist,23
CHEMIST I/II,22
LEGAL RESEARCH ASSISTANT,22
WATERSHED KEEPER,22
COMMUNITY DEVELOPMENT SPECIALIST,22
PLANNER IV,22
SUPERVISING PHYSICIAN SPECIALIST,22
PRINCIPAL ADMINISTRATIVE ANAYLST II,22
SENIOR FOOD SERVICE WORKER,22
ELECTIONS CLERK,22
STAGE ELECTRICIAN,22
"CHIEF STATIONARY ENGINEER, SEWAGE PLANT",22
CASHIER I,22
Dept Head II,22
Customer Service Agent Supv,22
Transit Manager 1,22
Sr Public Defenders Invstgtor,22
Pr Real Property Appraiser,22
"Sprv Prob Ofc, Juv Court",22
Sr Power Generation Tech,22
Senior Comm Systems Technican,22
Safety Officer,22
Assistant Recreation Director,22
Respiratory Care Practitioner,22
Transit Fare Insp. Sup/Invst.,22
Transportation Planner III,22
"INVESTIGATOR, OFFICE OF CITIZEN COMPLAINTS",21
PARKING METER REPAIRER,21
IS PROGRAMMER ANALYST - PRINCIPAL,21
MANAGER VI - MUNICIPAL TRANSPORTATION AGENCY,21
NURSES STAFFING ASSISTANT,21
ENVIRONMENTAL HEALTH INSPECTOR,21
PERSONAL PROPERTY AUDITOR,21
WORKER'S COMPENSATION ADJUSTER,21
EPIDEMIOLOGIST II,21
Auto Machinist Asst Sprv,21
Sr District Atty Investigator,21
IS Administrator 1,21
Deputy Chief 3,21
Automotive Mechanic Sprv 1,21
Supervising Pharmacist,21
"Property Manager, Port",21
Pipe Welder,21
"Investigator,Taxi & AccessSvcs",21
Victim/Witness Investigator 2,21
Prpl Permit and Citation Clerk,21
Incident Support Specialist,21
Maintenance Scheduler,21
Landscape Architect Assoc 2,21
Chemist,21
INSTITUTION UTILITY WORKER,20
HEALTH PROGRAM COORDINATOR II,20
HOUSING INSPECTOR,20
TRAINING OFFICER,20
MANAGER IV - MUNICIPAL TRANSPORTATION AGENCY,20
JUNIOR MANAGEMENT ASSISTANT,20
ARCHITECTURAL ASSOCIATE II,20
"ELECTRONIC INSTRUMENTATION TECHNICIAN,WTR PLTNCN",20
ENVIRONMENTAL ASSISTANT,20
SENIOR ENVIRONMENT SPECIALIST,20
SENIOR PERMIT AND CITATION CLERK,20
ESTATE INVESTIGATOR,20
"INSPECTOR, BUREAU OF FIRE PREVENTION AND PUBLIC SA",20
PHYSICIAN ASSISTANT,20
Curator 3,20
Dep Dir I,20
Claims Investigator,20
Court Staff Attorney II,20
IS Engineer-Assistant,20
Fire Alarm Dispatcher,20
"Inspector, Weights & Measures",20
Public Relations Assistant,20
IS ADMINISTRATOR - SUPERVISOR,19
DENTIST,19
RECREATION SPECIALIST,19
ARCHITECTURAL ASSISTANT II,19
PUBLIC RELATIONS OFFICER,19
DIETITIAN,19
PARKING HEARING EXAMINER,19
STREET INSPECTOR,19
SERGEANT II (POLICE DEPARTMENT),19
Automotive Trnst Shop Sprv 1,19
Parking Hearing Examiner,19
Emergency Med Svcs Agency Spec,19
"Manager VII, MTA",19
Asst Chf Victim/Wit Invstgtor,19
Chief Surveyor,19
Janitorial Svcs Asst Sprv,19
Transit Power Line Sprv1,19
Transit Traffic Checker,19
PARK PATROL OFFICER,18
NURSE MIDWIFE,18
WINDOW CLEANER,18
CRIMINALIST II,18
"ELECTRICAL TRANSIT MECHANIC, ASSISTANT SUPERVISOR",18
CAR AND AUTO PAINTER,18
ENVIRONMENT SPECIALIST,18
ELECTRICAL INSPECTOR,18
TRANSIT POWER LINE WORKER,18
"SENIOR STATIONARY ENGINEER, WATER TREATMENT PLANT",18
DENTAL AIDE,18
PRINCIPAL PAYROLL AND PERSONNEL CLERK,18
Asst Forensic Toxicologist 1,18
Chemist III,18
Asst Chf of Dept (Fire Dept),18
Materials Testing Technician,18
Dept Head V,18
Criminal Justice Specialist 2,18
Senior Power House Operator,18
Assistant Chief Attorney 2,18
Mayoral Staff XVI,18
EEO Programs Specialist,18
Events & Facilities Specialist,18
Structural Engineer,18
Microbiologist,18
Water Meter Repairer,18
Medical Records Tech Sprv,18
Asst Electronic Main Tech,18
Benefits Supervisor,18
Commander 3,18
Urban Forestry Inspector,18
Offset Machine Operator,18
Auditor I,18
SOCIAL WORK SUPERVISOR,17
TRAFFIC SIGNAL ELECTRICIAN,17
LEGAL PROCESS CLERK,17
EMPLOYMENT & TRAINING SPECIALIST IV,17
FINGERPRINT TECHNICIAN II,17
TRAIN CONTROLLER,17
COURT SUPERVISOR II,17
PLANNER III-ENVIRONMENTAL REVIEW,17
SERGEANT I (POLICE DEPARTMENT),17
CHILD SUPPORT OFFICER III,17
REHABILITATION SERVICES COORDINATOR,17
COURT INTERPRETER,17
CIVIL ENGINEERING ASSISTANT,17
ASSOCIATE AUDITOR,17
IS OPERATOR - SENIOR,17
PATIENT SERVICES FINANCE TECHNICIAN,17
AIRPORT ELECTRICIAN,17
PERSONNEL CLERK,17
Assistant Inspector 3,17
"Deputy Dir I, MTA",17
Pharmacy Helper,17
Asst General Services Manager,17
Mayoral Staff IX,17
Claims Adjuster,17
Dept Head IV,17
Patient Accounts Supervisor,17
Biologist III,17
Planner 5,17
"Rep, Human Rights Comm",17
"Chf Statnry Eng,WtrTreat Plnt",17
Elections Worker,17
Child Care Specialist,17
Assistant Cook,17
Mayoral Staff IV,17
Transportation Planner II,17
SENIOR REAL PROPERTY APPRAISER,16
LIBRARIAN III,16
CONTRACT COMPLIANCE OFFICER II,16
HEALTH EDUCATOR,16
EXECUTIVE SECRETARY III,16
IS OPERATOR - JOURNEY,16
COMMERCIAL DIVISION ASSISTANT SUPERVISOR,16
PROJECT MANAGER I,16
STEAMFITTER,16
SURGICAL PROCEDURES TECHNICIAN,16
PUBLIC HEALTH TEAM LEADER,16
DEPUTY DIRECTOR V,16
SURVEY ASSISTNAT I,16
Supv Biologist,16
Chef,16
Transit Operations Specialist,16
Court Manager,16
Heavy Equipment Ops Sprv,16
Program Specialist Supervisor,16
Pr Environmental Hlth Insp,16
IS Operator-Senior,16
Welfare Fraud Investigator,16
Mayoral Staff XIV,16
"Counselor,Log Cabin Rnch SFERS",16
Legislative Asst City Atty Ofc,16
Microphoto/Imaging Technician,16
Sr. Microphoto/Imaging Tech.,16
Dietetic Technician,16
Transportation Planner IV,16
Deputy Sheriff (SFERS),16
LEGAL SECRETARY II,15
ARCHITECT,15
MANAGER V - MUNICIPAL TRANSPORTATION AGENCY,15
PLANNER IV-ENVIRONMENTAL REVIEW,15
ASSISTANT STOREKEEPER,15
PLUMBING INSPECTOR,15
"MEMBER, BOARD OF SUPERVISORS",15
PERSONNEL TECHNICIAN,15
SPEECH PATHOLOGIST,15
ENVIRONMENTAL HEALTH TECHNICIAN I,15
TRANSIT PLANNER IV,15
VICTIM/WITNESS INVESTIGATOR I,15
CHIEF CLERK,15
CHIEF STATIONARY ENGINEER,15
MEDIA PRODUCTION TECHNICIAN,15
Security Analyst,15
Mental Hlth Treatment Spec,15
IS Operator-Journey,15
"Deputy Dir II, MTA",15
Physical Therapist Assistant,15
Project Manager 4,15
Sewer Repair Supervisor,15
Curator 4,15
"Counselor, Family Court Svc",15
Mayoral Staff XI,15
Asst Chf Dist Atty's Invstgtor,15
Senior Fiscal Technician,15
Rehabilitation Counselor,15
Pr Personal Property Auditor,15
Patient Accounts Asst Sprv,15
Senior Housing Inspector,15
Senior Physical Therapist,15
SPECIAL EXAMINER,15
Mayoral Staff XVII,15
Senior Occupational Therapist,15
Power House Operator,15
Media/Security Sys Spec,15
Senior Medical Social Worker,15
Pilot of Fire Boats,15
Hodcarrier,15
"SrClaimsInvstgtor,Cty Atty Ofc",15
Morgue Attendant,15
Special Assistant 10,15
"SENIOR COUNSELOR, JUVENILE HALL",14
SENIOR CONSTRUCTION INSPECTOR,14
SENIOR PERSONAL PROPERTY AUDITOR,14
BENEFITS ANALYST,14
INFORMATION SERVICES MANAGER,14
METER READER,14
SENIOR FARE COLLECTIONS RECEIVER,14
PATIENT ACCOUNTS CLERK,14
GENERAL UTILITY MECHANIC,14
TRANSMISSION AND DISTRIBUTION LINE WORKER,14
LIGHTING FIXTURE MAINTENANCE WORKER,14
SURVEY ASSOCIATE,14
ANIMAL CARE ATTENDANT,14
ELECTRONIC MAINTENANCE TECHNICIAN ASSISTANT SUPERV,14
Maintenance Machinist Sprv 1,14
"Asst Clk, Board of Supervisors",14
Worker's Comp Supervisor 1,14
Illustrator and Art Designer,14
Bricklayer,14
Nursery Specialist,14
Chief Atty1 (Civil & Criminal),14
Senior Estate Investigator,14
Soft Floor Coverer,14
Supervising Purchaser,14
Transit Information Clerk,14
"Capt,Fire Prev or Fire Invsgtn",14
LOCKSMITH,13
HEALTH CARE ANALYST,13
SAFETY ANALYST,13
ANIMAL CONTROL OFFICER,13
SUPERVISING ADULT PROBATION OFFICER,13
PAINTER SUPERVISOR I,13
AIRPORT ECONOMIC PLANNER,13
TRAFFIC SURVEY TECHNICIAN,13
ARCHITECTURAL ASSOCIATE  I,13
"APPRENTICE STATIONARY ENGINEER, SEWAGE PLANT",13
BUILDINGS AND GROUNDS MAINTENANCE SUPERINTENDENT,13
INSTITUTIONAL POLICE OFFICER,13
PHYSICAL THERAPY AIDE,13
PROGRAM SUPPORT ANALYST,13
SENIOR PURCHASER,13
SUPERVISING CHEMIST,13
MUSEUM PREPARATOR,13
AIRPORT PROPERTY SPECIALIST I,13
COURT MANAGER,13
RECREATION SUPERVISOR,13
Mayoral Staff XIII,13
Power Generation Supervisor,13
Principal Personnel Analyst,13
Fingerprint Technician 3,13
Criminalist III,13
Marina Assistant Manager,13
Medical Transcriber Typist,13
Med Staff Svcs Dept Spc,13
Emergency Services Coord III,13
COURT STAFF ATTORNEY II,12
PUBLIC DEFENDER'S INVESTIGATOR,12
ELECTRICIAN SUPERVISOR I,12
SENIOR ASSESSMENT CLERK,12
TRANSIT MANAGER II,12
INDUSTRIAL HYGIENIST,12
MUSEUM SECURITY SUPERVISOR,12
POWER GENERATION TECHNICIAN II,12
HEALTH PROGRAM COORDINATOR I,12
APPRENTICE STATIONARY ENGINEER,12
ASSISTANT MATERIALS COORDINATOR,12
TRANSIT PLANNER III,12
AIRPORT OPERATIONS SUPERVISOR,12
IS PROGRAMMER ANALYST,12
DEPARTMENT HEAD I,12
UTILITY ANALYST,12
Sprv Electronic Main Tech,12
Chief Building Inspector,12
Dental Hygienist,12
Senior Microbiologist,12
Fire Rescue Paramedic,12
Cement Finisher Supervisor 1,12
Materials Testing Aide,12
Fire Protection Engineer,12
Fiscal Technician,12
Senior Street Inspector,12
Water Conservation Admin,12
"Div Director, Adult Probation",12
Sprv Wastewater Cont Inspector,12
"Coord, Human Rights Comm",12
Radiologic Tech Sprv,12
Asst Med Examiner,12
"Court Invstgtor, Superior Crt",12
Sheet Metal Supervisor 1,12
Chf Payroll & Personnel Clerk,12
Marine Engineer of Fire Boats,12
Senior Laundry Worker,12
Senior Unit Clerk,12
Photographer,12
IS Trainer-Assistant,12
Porter Assistant Supervisor,12
Animal Keeper,12
Research Assistant,12
Stable Attendant,12
ASSOCIATE PERFORMANCE AUDITOR,11
ARTS PROGRAM ASSISTANT,11
AUTOMOTIVE MECHANIC ASSISTANT SUPERVISOR,11
CITIZENS COMPLAINT OFFICER,11
GLAZIER,11
CARPENTER SUPERVISOR I,11
CUSTODIAL SUPERVISOR,11
"SENIOR MARRIAGE, FAMILY & CHILD COUNSELOR (MFCC)",11
APPRENTICE GARDENER,11
PILE WORKER,11
PRINCIPAL WATER SERVICES CLERK,11
VICTIM/WITNESS INVESTIGATOR III,11
ELECTRICAL LINE WORKER,11
FIRE SAFETY INSPECTOR II,11
WATER OPERATIONS ANALYST,11
ASSISTANT ELECTRONIC MAINTENANCE TECHNICIAN,11
TRANSIT PLANNER II,11
PORTER SUPERVISOR I,11
Tile Setter,11
Nursing Supervisor Psychiatric,11
"AprntcStatnry Eng,WtrTreatPlnt",11
Auto Svc Wrk Asst Sprv,11
Assistant Deputy Chief 2,11
SHERIFF'S PROPERTY KEEPER,11
Administrative Services Mgr,11
"Sprv, Traffic & Street Signs",11
Stores & Equip Asst Sprv,11
Architectural Administrator,11
Sprv Clincal Psychologist,11
Associate Museum Registrar,11
Inventory Clerk,11
Planner Technician,11
"REPRESENTATIVE, HUMAN RIGHTS COMMISSION",10
MANAGER III - MUNICIPAL TRANSPORTATION AGENCY,10
COURT COMMISSIONER,10
ADMINISTRATIVE ENGINEER,10
SENIOR HEALTH PROGRAM PLANNER,10
PURCHASER,10
PRINCIPAL ENVIRONMENTAL SPECIALIST,10
ASPHALT FINISHER,10
MAINTENANCE CONTROLLER,10
SEWER MAINTENANCE WORKER,10
SENIOR INDUSTRIAL HYGIENIST DEPT OF PUBLIC HEALTH,10
DIAGNOSTIC IMAGING TECH III,10
STREET ENVIRONMENTAL SERVICES OPERATIONS SUPERVI,10
CURATOR II,10
SENIOR RADIO TECHNICIAN,10
WELDER,10
SENIOR STOREKEEPER,10
MEDICAL EXAMINER'S INVESTIGATOR I,10
MANAGER I - MUNICIPAL TRANSPORTATION AGENCY,10
DOCUMENT EXAMINER TECHNICIAN,10
ASSISTANT INSPECTOR II (POLICE DEPARTMENT),10
MANAGER VIII - MUNICIPAL TRANSPORTATION AGENCY,10
Investigator/Transit Fare Supv,10
Parking Meter Repairer Sprv 1,10
RECREATION DIRECTOR,10
Wharfinger 2,10
Medical Social Work Supervisor,10
Communication Line Sprv1,10
Senior Museum Registrar,10
Chief Deputy Sheriff,10
Landscape Architect,10
Fusion Welder,10
Document Examiner Technician,10
Curator 1,10
Court Alternative Specialist 1,10
Assistant Counselor,10
Electrical Transit Shop Sprv 1,10
Personnel Trainee,10
ROOFER,9
PROJECT MANAGER III,9
WASTEWATER CONTROL INSPECTOR,9
SENIOR BUILDING INSPECTOR,9
CRAFTS INSTRUCTOR,9
HOSPITAL ELIGIBILITY WORKER SUPERVISOR,9
COMMUNITY DEVELOPMENT ASSISTANT,9
ORNAMENTAL IRON WORKER,9
HEALTH CARE BILLING CLERK I,9
TRANSPORTATION SAFETY SPECIALIST,9
"INVESTIGATOR, TAX COLLECTOR",9
ELECTRIC MOTOR REPAIRER,9
LANDSCAPE ARCHITECTURAL ASSOCIATE I,9
MAYORAL STAFF XV,9
FARE INSPECTIONS SUPERVISOR/INVESTIGATOR,9
FOOD SERVICE SUPERVISOR,9
UTILITY PLUMBER SUPERVISOR II,9
TRANSIT CAR CLEANER ASSISTANT SUPERVISOR,9
ASSISTANT INSPECTOR III (POLICE DEPARTMENT),9
SUPERVISING AUDITOR,9
IS TECHNICIAN - JOURNEY,9
EMPLOYMENT AND TRAINING SPECIALIST I,9
DISEASE CONTROL INVESTIGATOR,9
SENIOR AIRPORT COMMUNICATIONS DISPATCHER,9
COORDINATOR OF CITIZEN INVOLVEMENT,9
FINGERPRINT TECHNICIAN I,9
WATER QUALITY TECHNICIAN III,9
"COUNSELOR, FAMILY COURT SERVICE",9
STATION OFFICER,9
Pattern Maker,9
"Cfdntal Chf Atty 2,(Cvl&Crmnl)",9
"Senior Property Manager, Port",9
"Invstgtor,Fire Dept",9
Senior Plumbing Inspector,9
Street Repair Supervisor 2,9
Chief Water Service Inspector,9
Traf Signal Electrician Sup I,9
Food Service Mgr Administrator,9
Heavy Equip Ops Asst Sprv,9
Maritime Marketing Repr,9
Water & Power Maint Sprv 1,9
Power Generation Technician 1,9
Parking Enforcement Admin,9
Transmission Line Supervisor 1,9
Airport Emerg Planning Coord,9
IS Trainer-Journey,9
Electrical Trnst Mech Sprv 1,9
Book Repairer,9
Criminalist I,9
Sr Transit Information Clerk,9
Collections Officer,9
SENIOR SWIMMING INSTRUCTOR,8
TRANSCRIBER TYPIST,8
TELEPHONE OPERATOR,8
SENIOR PUBLIC DEFENDER'S INVESTIGATOR,8
AUTOMOTIVE MACHINIST ASSISTANT SUPERVISOR,8
"LIEUTENANT, BUREAU OF FIRE PREVENTION AND PUBLIC S",8
SEWAGE TREATMENT PLANT SUPERINTENDENT,8
COURT INVESTIGATOR,8
UTILITY PLUMBER APPRENTICE,8
RETIREMENT ANALYST,8
MAINTENANCE ESTIMATOR AND SCHEDULER,8
EMPLOYMENT AND TRAINING SPECIALIST V,8
LANDSCAPE ARCHITECTURAL ASSOCIATE II,8
VICTIM/WITNESS INVESTIGATOR II,8
TREE TOPPER SUPERVISOR I,8
POLICE COMMUNICATIONS SHIFT SUPERVISOR,8
"COURT ASSISTANT - SENIOR, SUPERIOR COURT",8
RESPIRATORY CARE PRACTITIONER,8
TRACK MAINTENANCE WORKER SUPERVISOR I,8
GRAPHIC ARTIST,8
PIPE WELDER,8
ASPHALT FINISHER SUPERVISOR I,8
SHERIFF'S CAPTAIN,8
PERFORMING ARTS CENTER AIDE,8
WIRE ROPE CABLE MAINTENANCE MECHANIC,8
MEDICAL EXAMINER'S INVESTIGATOR II,8
ASSOCIATE AFFIRMATIVE ACTION COORDINATOR,8
SAFETY OFFICER,8
PROJECT MANAGER II,8
REGULATORY SPECIALIST,8
MAYORAL STAFF XVI,8
VOLUNTEER/OUTREACH COORDINATOR,8
ASSISTANT HEALTH EDUCATOR,8
DEPARTMENT HEAD III,8
BACTERIOLOGICAL LABORATORY ASSISTANT,8
SURVEY ASSISTANT II,8
SENIOR WATER SERVICE INSPECTOR,8
MANAGER II - MUNICIPAL TRANSPORTATION AGENCY,8
TRANSIT MANAGER I,8
SENIOR FISCAL TECHNICIAN,8
SENIOR PARTS STOREKEEPER,8
SWITCH REPAIRER,8
PLUMBER SUPERVISOR I,8
Piledriver Supervisor 1,8
Probate Examiner,8
Counselor 2,8
Senior Electrical Inpsector,8
Head Park Patrol Officer,8
Court Commissioner,8
IS Program Analyst-Assistant,8
Watershed Keeper Supervisor,8
Senior Health Educator,8
Airport Noise Abatement Spec,8
Special Assistant 3,8
Animal Health Technician,8
Child Support Officer I,8
Accountant I,8
Mayoral Staff II,8
Building Plans Engineer,8
PRINCIPAL PERMIT AND CITATION CLERK,7
"COMMANDER III, (POLICE DEPARTMENT)",7
EMPLOYEE RELATIONS REPRESENTATIVE,7
CLAIMS INVESTIGATOR,7
ASSISTANT CONSTRUCTION INSPECTOR,7
TRANSIT TRAFFIC CHECKER,7
CURATOR III,7
SOFT FLOOR COVERER,7
SHELTER SERVICE REPRESENTATIVE,7
EPIDEMIOLOGIST I,7
AUTOMOTIVE MACHINIST SUPERVISOR I,7
MARINA ASSISTANT MANAGER,7
TRANSIT OPERATIONS SPECIALIST,7
CUSTOMER SERVICE AGENT SUPERVISOR,7
PEST CONTROL SPECIALIST,7
FIRE RESCUE PARAMEDIC,7
SENIOR MICROPHOTO/IMAGING TECHNICIAN,7
ELECTIONS WORKER,7
MICROBIOLOGIST,7
PROJECT MANAGER IV,7
SUPERVISING PHARMACIST,7
CRIMINAL JUSTICE SPECIALIST II,7
DEPARTMENT HEAD II,7
DEPARTMENT HEAD V,7
"ASSISTANT RENTAL MANAGER, PORT",7
PATIENT ACCOUNTS SUPERVISOR,7
"BOARD COMMISSION MEMBER, $200 PER MEETING",7
Forester,7
Maintenance Manager,7
Court Training Specialist,7
Senior Emp Relations Repres,7
"Sr Investigator, OCC",7
Principal Mgmt Analyst,7
Executive Contract Employee,7
Lieutenant 2,7
Senior Real Property Officer,7
Inspector 2,7
Emergency Services Coord IV,7
Ct Comp Sys Engineer II,7
Dep Chf of Dept (Fire Dept),7
Personnel/Payroll Repres,7
Public Relations Mgr,7
Locksmith Supervisor 1,7
Sr Court Staff Attorney,7
Special Assistant 22,7
Supv Bldg Grounds Patrol Ofcr,7
Barber,7
IS Technical-Journey,7
Emergency Services Coord II,7
PERFORMANCE ANALYST III - PROJECT MANAGER,6
AUTOMOTIVE MECHANIC SUPERVISOR I,6
CHILD CARE SPECIALIST,6
ELECTRICAL TRANSIT SHOP SUPERVISOR I,6
DEPUTY DIRECTOR I,6
PHARMACY HELPER,6
SENIOR POWER HOUSE OPERATOR,6
AFFIRMATIVE ACTION SPECIALIST,6
HODCARRIER,6
PUBLIC INFORMATION OFFICER,6
CHEMIST III,6
PLANNER I,6
PRINCIPAL ENVIRONMENTAL HEALTH INSPECTOR,6
URBAN FORESTRY INSPECTOR,6
CHIEF SURVEYOR,6
MENTAL HEALTH TREATMENT SPECIALIST,6
"SENIOR CLAIMS INVESTIGATOR,CITY ATTORNEY'S OFFICE",6
HEALTH PROGRAM PLANNER,6
"SUPERVISING PROBATION OFFICER, JUVENILE COURT",6
ASSISTANT FORENSIC TOXICOLOGIST I,6
WATER METER REPAIRER,6
IS BUSINESS ANALYST - ASSISTANT,6
ASSISTANT GENERAL SERVICES MANAGER,6
"APPRENTICE STATIONARY ENGINEER,WATER TREATMENT PLN",6
EMERGENCY MEDICAL SERVICES AGENCY SPECIALIST,6
MEDICAL RECORDS TECHNICIAN SUPERVISOR,6
MATERIALS COORDINATOR,6
SECURITY ANALYST,6
FISCAL TECHNICIAN,6
BUILDINGS AND GROUNDS MAINTENANCE SUPERVISOR,6
ASSISTANT COOK,6
DIAGNOSTIC IMAGING TECH IV,6
MEDIA/SECURITY SYSTEMS SPECIALIST,6
JANITORIAL SERVICES ASSISTANT SUPERVISOR,6
PRINCIPAL REAL PROPERTY APPRAISER,6
CURATOR IV,6
INCIDENT SUPPORT SPECIALIST,6
MAYORAL STAFF XVII,6
SENIOR POWER GENERATION TECHNICIAN,6
SENIOR STREET INSPECTOR,6
PRINCIPAL PERSONNEL ANALYST,6
WELFARE FRAUD INVESTIGATOR,6
FINGERPRINT TECHNICIAN III,6
SENIOR DISTRICT ATTORNEY'S INVESTIGATOR,6
TRANSIT POWER LINE SUPERVISOR I,6
Communications Line Wrk Sprv 2,6
Collection Supervisor,6
"Dir of Act, Therapy & Vol Svcs",6
Ct Comp App Programmer,6
"Ex Asst to Admin, SFGH",6
Airports Communications Sprv,6
"Asst.Dep.Dir., Port",6
Med Examiner's InvestigatorIII,6
Electrician Supervisor 2,6
Airport Electrician Supervisor,6
Shelter Veterinarian,6
Patient Accounts Manager,6
Watershed Forester,6
"Sctry, Bldg Inspection Comm",6
Street Inspection Supervisor,6
FIRE ALARM DISPATCHER,6
"Rep, Comm Status of Women",6
Med Staff Svcs Dept Anl,6
Piledriver Engine Operator,6
Real Property Manager,6
Principal Parts Storekeeper,6
Court Computer Sys Manager,6
Line Inspector,6
Media Production Supv,6
Elevator and Crane Technician,6
Sr Cent Proc & Dist Tech,6
Institutional Police Sergeant,6
Supt Water Treatment Fac,6
Pr Fare Collections Receiver,6
Mail & Reproduction Svc Sprv,6
Lab Svcs Mgr,6
Heating/Ventilating Inspector,6
Mech Shop & Equip Supt,6
Main Machinist Asst Sprv,6
Forensic Laboratory Technician,6
Special Assistant 19,6
"Inspector, (Police Department)",6
Electrical Trnst Shop Sprv 1,6
Govrnmt/Publ Affairs Mgr,6
Forensic Autopsy Technician,6
"Manager,Employee Relations Div",6
Agricultural Inspector,6
Court Paralegal,6
Mayoral Staff V,6
Admin Analyst 3,6
Beautician,6
Industrial Injury Investigator,6
Museum Registrar,6
SENIOR ESTATE INVESTIGATOR,5
MANAGER VII - MUNICIPAL TRANSPORTATION AGENCY,5
IS ENGINEER - ASSISTANT,5
WORKER'S COMPENSATION SUPERVISOR I,5
"ASSISTANT CLERK, BOARD OF SUPERVISORS",5
OFFSET MACHINE OPERATOR,5
ACCOUNTANT,5
SENIOR OCCUPATIONAL THERAPIST,5
ASSISTANT CHIEF VICTIM/WITNESS INVESTIGATOR,5
PLANNER V,5
MATERIALS TESTING TECHNICIAN,5
CUSTOMER SERVICE AGENT TRAINEE,5
CLAIMS ADJUSTER,5
PROGRAM SPECIALIST SUPERVISOR,5
NURSERY SPECIALIST,5
SHEET METAL SUPERVISOR I,5
SEWER REPAIR SUPERVISOR,5
REHABILITATION COUNSELOR,5
BENEFITS SUPERVISOR,5
ASSISTANT MEDICAL EXAMINER,5
DEPUTY DIRECTOR I - MUNICIPAL TRANSPORTATION AGE,5
SENIOR HOUSING INSPECTOR,5
PRINCIPAL PERSONAL PROPERTY AUDITOR,5
BRICKLAYER,5
COURT TRAINING SPECIALIST,5
STRUCTURAL ENGINEER,5
"CHIEF STATIONARY ENGINEER, WATER TREATMENT PLANT",5
CHEF,5
DIETETIC TECHNICIAN,5
INSPECTOR OF WEIGHTS AND MEASURES,5
SUPERVISING PURCHASER,5
ASSISTANT CHIEF ATTORNEY II,5
MEDICAL TRANSCRIBER TYPIST,5
AUTOMOTIVE TRANSIT SHOP SUPERVISOR I,5
CHIEF ATTORNEY I (CIVIL & CRIMINAL),5
SENIOR PHYSICAL THERAPIST,5
MAYORAL STAFF XIII,5
DEPUTY CHIEF III (POLICE DEPARTMENT),5
MAINTENANCE MACHINIST SUPERVISOR I,5
SUPERVISING BIOLOGIST,5
DEPUTY DIRECTOR II - MUNICIPAL TRANSPORTATION AG,5
DENTAL HYGIENIST,5
ASSISTANT DEPUTY CHIEF II,5
POWER HOUSE OPERATOR,5
SENIOR COURT STAFF ATTORNEY,5
GOVERNMENT AND PUBLIC AFFAIRS MANAGER,5
ILLUSTRATOR AND ART DESIGNER,5
PATIENT ACCOUNTS ASSISTANT SUPERVISOR,5
PHYSICAL THERAPIST ASSISTANT,5
MORGUE ATTENDANT,5
PILOT OF FIRE BOATS,5
SENIOR MEDICAL SOCIAL WORKER,5
PROBATE EXAMINER,5
Water Const&Main Supt,5
Steamfitter Supervisor I,5
Sr Human Resources Analyst,5
Principal Real Property Ofc,5
Emergency Planning Coordinator,5
Chief Dietitian,5
Fiscal Services Supervisor,5
Carpenter Supervisor 2,5
Assistant Inspector 2,5
Chief Preparator,5
Janitorial Services Supervisor,5
Sr Materials & Supplies Sprv,5
Senior Museum Preparator,5
Mayoral Staff VII,5
COURT ALTERNATIVE SPECIALIST I,4
MARINE ENGINEER OF FIRE BOATS,4
CHIEF PAYROLL AND PERSONNEL CLERK,4
ANIMAL KEEPER,4
DEPARTMENT HEAD IV,4
MICROPHOTO/IMAGING TECHNICIAN,4
PRINCIPAL MANAGEMENT ANALYST,4
AUTOMOTIVE SERVICE WORKER ASSISTANT SUPERVISOR,4
SENIOR LAUNDRY WORKER,4
TRANSIT INFORMATION CLERK,4
RADIOLOGIC TECHNOLOGIST SUPERVISOR,4
BIOLOGIST III,4
IS TECHNICIAN - SENIOR,4
SUPERVISING ELECTRONIC MAINTENANCE TECHNICIAN,4
IS TRAINER - JOURNEY,4
MATERIALS TESTING AIDE,4
MAYORAL STAFF VII,4
MEDICAL STAFF SERVICES DEPARTMENT SPECIALIST,4
SENIOR REAL PROPERTY OFFICER,4
ELECTRICAL TRANSIT MECHANIC SUPERVISOR I,4
HEAVY EQUIPMENT OPERATIONS SUPERVISOR,4
ASSISTANT CHIEF DISTRICT ATTORNEY'S INVESTIGATOR,4
STABLE ATTENDANT,4
SENIOR MICROBIOLOGIST,4
NURSING SUPERVISOR PSYCHIATRIC,4
FIRE PROTECTION ENGINEER,4
PORTER ASSISTANT SUPERVISOR,4
ASSISTANT COUNSELOR,4
ARCHITECTURAL ADMINISTRATOR,4
"INVESTIGATOR, BUREAU OF FIRE INVESTIGATION",4
CRIMINALIST III,4
COURT COMPUTER SYSTEMS ENGINEER II,4
PUBLIC RELATIONS ASSISTANT,4
WATER CONSERVATION ADMINISTRATOR,4
SENIOR UNIT CLERK,4
CURATOR I,4
Undersheriff,4
Court Administrative Secretary,4
Building Services Technician,4
Research Psychologist,4
Assistant Sheriff,4
Assistant Law Librarian,4
Audiologist,4
Chf District Atty Investigator,4
"Chf Prob Ofc, Juv Court",4
PUBLIC SERVICE AIDE-ADMINISTRATIVE,4
Court Administrator,4
Senior Claims Investigator,4
Ct Comp App Analyst,4
Disability Access Coordinator,4
Mayoral Staff X,4
IS Technician-Senior,4
Youth Comm Advisor,4
Media Programming Spec,4
Claims Process Clerk,4
Transit Power Cable Splicer,4
Ct Comp Facilities Coord,4
Sprv Adult Prob Ofc (SFERS),4
Electroencephalograph Tech 1,4
"Dir, Log Cabin Ranch (SFERS)",4
Chief Deputy Adlt Probation Of,4
Payroll Supervisor,4
Electrician Supervisor II,4
Marina Assistant,4
Apprentice Cement Mason I,4
"COORDINATOR, HUMAN RIGHTS COMMISSION",3
SENIOR TRANSIT INFORMATION CLERK,3
PARKING ENFORCEMENT ADMINISTRATOR,3
MARITIME MARKETING REPRESENTATIVE,3
COUNSELOR II,3
"INVESTIGATOR, TAXI & ACCESS SVCS",3
ADMINISTRATIVE SERVICES MANAGER,3
PILEDRIVER SUPERVISOR I,3
FORESTER,3
PLANNER TECHNICIAN,3
BEAUTICIAN,3
SENIOR PLUMBING INSPECTOR,3
SUPERVISING BUILDING AND GROUNDS PATROL OFFICER,3
BOOK REPAIRER,3
IS PROGRAMMER ANALYST - ASSISTANT,3
CHIEF BUILDING INSPECTOR,3
STREET REPAIR SUPERVISOR II,3
"INSPECTOR II, (POLICE DEPARTMENT)",3
MEDICAL SOCIAL WORK SUPERVISOR,3
CRIMINALIST I,3
COURT COMPUTER APPLICATIONS PROGRAMMER,3
"SUPERVISOR, TRAFFIC AND STREET SIGNS",3
PHOTOGRAPHER,3
PERSONNEL PAYROLL REPRESENTATIVE,3
"SENIOR INVESTIGATOR, OFFICE OF CITIZEN'S COMPLAINT",3
IS OPERATOR - SUPERVISOR,3
WATER AND POWER MAINTENANCE SUPERVISOR I,3
COLLECTIONS OFFICER,3
"SENIOR PROPERTY MANAGER, PORT",3
WHARFINGER II,3
COURT ADMINISTRATOR,3
PRINCIPAL REAL PROPERTY OFFICER,3
ANIMAL HEALTH TECHNICIAN,3
"ASSISTANT CHIEF OF DEPARTMENT, (FIRE DEPARTMENT)",3
POWER GENERATION SUPERVISOR,3
TILE SETTER,3
ELECTRICIAN SUPERVISOR II,3
"DEPUTY CHIEF OF DEPARTMENT,(FIRE DEPARTMENT)",3
SENIOR ELECTRICAL INSPECTOR,3
INVENTORY CLERK,3
SENIOR MUSEUM PREPARATOR,3
CHIEF WATER SERVICE INSPECTOR,3
CHIEF DEPUTY SHERIFF,3
WATERSHED KEEPER SUPERVISOR,3
LANDSCAPE ARCHITECT,3
COURT COMPUTER APPLICATIONS ANALYST,3
REAL PROPERTY APPRAISER TRAINEE,3
PRINCIPAL FARE COLLECTIONS RECEIVER,3
TRANSMISSION LINE SUPERVISOR I,3
MAYORAL STAFF X,3
FUSION WELDER,3
FOOD SERVICE MANAGER ADMINISTRATOR,3
CONFIDENTIAL CHIEF ATTORNEY II (CIVIL & CRIMINAL),3
CEMENT FINISHER SUPERVISOR I,3
SUPERVISING CLINICAL PSYCHOLOGIST,3
SENIOR MUSEUM REGISTRAR,3
COURT COMPUTER SYSTEMS MANAGER,3
PARKING METER REPAIRER SUPERVISOR I,3
MAYORAL STAFF IX,3
MECHANICAL SHOP AND EQUIPMENT SUPERINTENDENT,3
HEAD PARK PATROL OFFICER,3
PATTERN MAKER,3
"Ex Asst to Ex Dir, Retirement",3
Trnst Power Line Wrk Sprv 2,3
IS Trainer-Senior,3
"Assoc Musm Cnsrvt, AAM",3
Mayor,3
Traf Signal Electrician Sup II,3
Power Plant Supervisor 1,3
"Attorney, Tax Collector",3
"Mgr, Unified Family Court Svcs",3
"Director, Probation Services",3
Employee Assistance Counselor,3
Chief Housing Inspector,3
Rent Board Supervisor,3
"Secretary, Health Commission",3
"Pr Investigator, Tax Collector",3
Controller,3
Municipal Stadium Groundskpr,3
IS Operator-Analyst,3
Auto Body & Fender Wrk Sprv 1,3
Window Cleaner Supervisor,3
Cfdntal Sctry to City Atty,3
"Adm, SFGH Medical Center",3
"Asst Dir, Log Cabin Rnch",3
Acupuncturist,3
Crane Mechanic Supervisor,3
Plumber Supervisor 2,3
Field Svcs Asst Supv,3
District Attorney,3
Assessor,3
Ornamental Iron Wrk Sprv 1,3
Telecommunications Tech Supv,3
Media/Security Syst Supv,3
Chief Plumbing Inspector,3
Electric Motor Repair Sprv 1,3
"Secretary, Library Commission",3
Roofer Supervisor 1,3
Treasurer,3
Arborist Technician Supv II,3
Soft Floor Coverer Supvr I,3
Special Assistant 21,3
Wire Rope Cable Maint Sprv,3
Sr Employee Asst Counselor,3
"Board Scty, MTA",3
Sr Light Rail Veh Equip Eng,3
"Chief, Fire Department",3
"Ex Dir, SE Com Fac Comm",3
"Director, Probate",3
Asst Dir of Clinical Svcs 1,3
"Court Asst-Sr, Superior Court",3
Special Assistant 15,3
Graphics Supervisor,3
Human Resources Director,3
Senior Transit Traffic Checker,3
Chief Dep Adlt Prob Of (SFERS),3
Employment & Training Spec 6,3
"Real Estate Devt. Mgr, SFMTA",3
Chief Adult Probation Officer,3
Ex Asst to the Controller,3
Assistant Industrial Hygienist,3
Senior Plan Checker,3
Asphalt Plant Supervisor 1,3
Court Clerk,3
"Market Research Spec, Port",3
"Feasibility Analyst, Port",3
"Area Sprv Parks, Squares & Fac",3
Sup Welfare Fraud Investigator,3
Port Director,3
Conservatorship/Case Mgt Sprv,3
Bd/Comm Secretary 3,3
Media Training Specialist,3
Senior Book Repairer,3
Specialist in Aging 2,3
Public Defender,3
"Secretary, Comm on the Environ",3
Dir Emp Relations Div,3
Chief Fire Alarm Dispatcher,3
"Director, Juvenile Hall",3
Depty Sealer of Weights & Meas,3
Chief Electrical Inspector,3
City Attorney,3
Emergency Medical Svcs Chief,3
Chf Victim/Witness Invstgtor,3
Chief Nursery Specialist,3
Asst Superintendent Rec,3
Sheriff (SFERS),3
Librarian 2 - Asian Arts,3
Chief of Police,3
Supervising Parts Storekeeper,3
"Gen Mgr, Public Trnsp Dept",3
Law Librarian,3
"Asst Director, Juvenile Hall",3
Senior Morgue Attendant,3
Wharfinger 1,3
"Sctry, Human Svcs. Commission",3
Materials/Supplies Supervisor,3
Principal Recreation Sprv,3
Administrative Analyst II,3
Braillist,3
Sheet Metal Wrk Supervisor 2,3
"PrDAInvest,SpecUnit (SFERS)",3
Chief Telephone Operator,3
Shelter Office Asst Supv,3
Traffic Signal Operator,3
Statistician,3
Animal Care Asst Supv,3
Painter Supervisor 2,3
"Sctry, Juv Probation Comm",3
Senior Pharmacy Helper,3
Signal and Systems Engineer,3
Farmer,3
Animal Control Supervisor,3
Orthopedic Technician 1,3
Shade and Drapery Worker,3
Sr Medical Transcriber Typist,3
Baker,3
Principal Museum Preparator,3
Assistant Power House Operator,3
Metalsmith,3
Senior Psychiatric Orderly,3
Junior Clerk Typist,3
Special Assistant 14,3
Senior Transcriber Typist,3
Laboratory Technician I,3
Senior Assessment Clerk,3
Senior Food Service Supervisor,3
Orthopedic Technician 2,3
Head Photographer,3
Shelter Officer Supervisor,3
Victim & Witness Technician,3
Performance Analyst I,3
Emergency Services Assistant,3
Duty Officer,3
Sen Hospital Eligibility Wrkr,3
OPERATING ROOM NURSE,2
SENIOR TRANSCRIBER TYPIST,2
FORENSIC AUTOPSY TECHNICIAN,2
"ATTORNEY, TAX COLLECTOR",2
GENERAL MANAGER-METROPOLITAN TRANSIT AUTHORITY,2
ASSISTANT RECREATION DIRECTOR,2
COMMUNICATION LINE SUPERVISOR I,2
STEAMFITTER ASSISTANT SUPERVISOR,2
JUNIOR CLERK TYPIST,2
LINE INSPECTOR,2
MAYORAL STAFF XIV,2
CHIEF ADULT PROBATION OFFICER,2
PLUMBER SUPERVISOR II,2
MEDICAL EXAMINER'S INVESTIGATOR III,2
AIRPORT COMMUNICATIONS SUPERVISOR,2
SUPERINTENDENT OF WATER TREATMENT FACILITIES,2
FORENSIC LABORATORY TECHNICIAN,2
ADMINISTRATIVE ANALYST III,2
AIRPORT EMERGENCY PLANNING COORDINATOR,2
POLICE SERVICES AIDE,2
DIVISION DIRECTOR ADULT PROBATION,2
MAYOR,2
DEPUTY COURT CLERK I,2
MEDIA PROGRAMMING SPECIALIST,2
CHIEF DEPUTY ADULT PROBATION OFFICER,2
"INSPECTOR, (POLICE DEPARTMENT)",2
"MANAGER, EMPLOYEE RELATIONS DIV",2
HEATING AND VENTILATING INSPECTOR,2
IS OPERATOR - ANALYST,2
EMERGENCY PLANNING COORDINATOR,2
DISTRICT ATTORNEY,2
SENIOR HEALTH EDUCATOR,2
MAYORAL STAFF XII,2
PAYROLL SUPERVISOR,2
AIRPORT ELECTRICIAN SUPERVISOR,2
CLAIMS PROCESS CLERK,2
PILEDRIVER ENGINE OPERATOR,2
SUPERVISING WASTEWATER CONTROL INSPECTOR,2
CHIEF DIETITIAN,2
SPECIAL ASSISTANT XXII,2
ASSISTANT POWER HOUSE OPERATOR,2
SENIOR HUMAN RESOURCES ANALYST,2
BOARD/COMMISSION SECRETARY III,2
STORES AND EQUIPMENT ASSISTANT SUPERVISOR,2
RESEARCH ASSISTANT,2
LABORATORY SERVICES MANAGER,2
IS TRAINER - ASSISTANT,2
PRINCIPAL PARTS STOREKEEPER,2
REAL PROPERTY OFFICER,2
SENIOR CENTRAL PROCESSING AND DISTRIBUTION TECHNIC,2
JANITORIAL SERVICES SUPERVISOR,2
INSTITUTIONAL POLICE SERGEANT,2
MAIL AND REPRODUCTION SERVICE SUPERVISOR,2
AGRICULTURAL INSPECTOR,2
WATERSHED FORESTER MANAGER,2
SENIOR EMPLOYEE RELATIONS REPRESENTATIVE,2
"ASSISTANT DEPUTY DIRECTOR, PORT",2
SHELTER VETERINARIAN,2
PATIENT ACCOUNTS MANAGER,2
PRINCIPAL DISTRICT ATTORNEY'S INVESTIGATOR,2
AIRPORT NOISE ABATEMENT SPECIALIST,2
MEDICAL STAFF SERVICES DEPARTMENT ANALYST,2
"DIRECTOR, PROBATE",2
SHEET METAL WORKER SUPERVISOR II,2
STREET INSPECTION SUPERVISOR,2
ARCHITECTURAL ASSISTANT  I,2
"SECRETARY, BUILDING INSPECTION COMMISSION",2
CITY SHOPS ASSISTANT SUPERINTENDENT,2
EXECUTIVE CONTRACT EMPLOYEE,2
IS TECHNICIAN - SUPERVISOR,2
MOBILE EQUIPMENT ASSISTANT SUPERVISOR,2
RESEARCH PSYCHOLOGIST,2
WATER CONSTRUCTION AND MAINTENANCE SUPERINTENDENT,2
BUILDING PLANS ENGINEER,2
COMMUNICATIONS LINE WORKER SUPERVISOR II,2
MAYORAL STAFF IV,2
ASSOCIATE MUSEUM REGISTRAR,2
MUSEUM REGISTRAR,2
ELEVATOR AND CRANE TECHNICIAN,2
"EXECUTIVE ASSISTANT TO THE ADMINISTRATOR, S.F.G.H.",2
ASSISTANT SHERIFF,2
"REPRESENTATIVE, COMMISSION ON THE STATUS OF WOMEN",2
MAINTENANCE MACHINIST ASSISTANT SUPERVISOR,2
FISCAL SERVICES COORDINATOR,2
"DIRECTOR OF ACTIVITIES, THERAPY AND VOLUNTEER SERV",2
PUBLIC RELATIONS MANAGER,2
MAINTENANCE MANAGER,2
SPECIAL ASSISTANT III,2
SPECIALIST IN AGING II,2
INDUSTRIAL INJURY INVESTIGATOR,2
ADMINISTRATIVE ANALYST II,2
UNDERSHERIFF,2
Animal Care Supervisor,2
"Director, Info Tech Group",2
Traffic Sign Manager,2
Special Assistant 16,2
Court Interpreter Supervisor,2
Sup Ct Admin Secretary,2
"Director, Human Resources",2
"Asst Chf, Bur Clm Invest&Admin",2
Communications Director,2
Operating Room Nurse,2
CITY PLANNING INTERN,2
Environmental Hlth Tech 2,2
Training Technician,2
Vet Laboratory Technologist,2
Airport Mechanical Maint Sprv,2
Forensic Toxicologist,2
Assistant Inspector,2
IS Technician-Supervisor,2
Mayoral Staff XII,2
Mental Health Hearing Officer,2
"Director, Fiscal Services",2
Glazier Supervisor 1,2
"Dep Dir for Investments, Ret",2
"Track Maint Supt, Muni Railway",2
Training Coordinator,2
"Court Asst., Superior Court",2
Crime Lab Mgr,2
Court Executive Officer,2
CHIEF PREPARATOR,2
Transit Paint Shop Sprv1,2
Legislation Clerk,2
Sr General Utility Mechanic,2
Court Reporter Coordinator,2
AUDIOMETRIST,2
"Administrator, DPH",2
Senior Data Entry Operator,2
"Assistant Director, Probate",2
Administrative Analyst I,2
Supply Room Attendant,2
City Shops Asst Superintendent,2
Audiometrist,2
Sr Opers Mgr,2
Senior Offset Machine Operator,2
Mgr Museum Security Services,2
Airport Communications Officer,2
Media Production Specialist,2
Water Meter Shop Supervisor 1,2
Industrial Engineer,2
Emergency Services Coord I,2
Cement Finisher Supervisor 2,2
Legislative Clerk,2
Special Assistant 11,2
"Manager, Dept Public Health",2
Instructional Designer,2
"MANAGER, UNIFIED FAMILY COURT SERVICES",1
CITY ATTORNEY,1
HEAVY EQUIPMENT OPERATIONS ASSISTANT SUPERVISOR,1
CONFIDENTIAL SECRETARY CITY ATTORNEY,1
ASST. CHIEF PROBATION OFFICER-JUVENILE PROBATION,1
"ASSISTANT TO THE DIRECTOR, PUBLIC AFFAIRS       RS",1
"FEASIBILITY ANALYST, PORT",1
CEMENT FINISHER SUPERVISOR II,1
MEDIA/SECURITY SYSTEMS SUPERVISOR,1
CHIEF FIRE ALARM DISPATCHER,1
"EXECUTIVE DIRECTOR, SOUTHEAST COMMUNITY FACILITY",1
"SECRETARY, COMMISSION ON THE ENVIRONMENT",1
LEGISLATIVE CALENDAR CLERK,1
ELECTRIC MOTOR REPAIR SUPERVISOR I,1
TRIAL DELAY REDUCTION COORDINATOR,1
SIGNAL AND SYSTEMS ENGINEER,1
ASSISTANT COURT REPORTER COORDINATOR,1
AUTOMOTIVE BODY AND FENDER WORKER SUPERVISOR I,1
FIELD SERVICES ASSISTANT SUPERVISOR,1
TRAFFIC HEARING OFFICER,1
COURT COMPUTER FACILITIES COORDINATOR,1
CRANE MECHANIC SUPERVISOR,1
MEDIA TRAINING SPECIALIST,1
ASSISTANT SUPERINTENDENT RECREATION,1
COURT PARALEGAL,1
ATTORNEY FOR THE PUBLIC ADMINISTRATOR,1
LOCKSMITH SUPERVISOR I,1
RENT BOARD SUPERVISOR,1
ENVIRONMENT HEALTH TECHNICIAN II,1
SENIOR CLAIMS INVESTIGATOR,1
TRAINING TECHNICIAN,1
CHIEF DISTRICT ATTORNEY'S INVESTIGATOR,1
ASSISTANT DIRECTOR OF CLINICAL SERVICES II,1
EXECUTIVE SECRETARY TO THE CONTROLLER,1
SENIOR MATERIALS AND SUPPLIES SUPERVISOR,1
"CHIEF OF DEPARTMENT, (FIRE DEPARTMENT)",1
SENIOR PHARMACY HELPER,1
TRANSIT POWER LINE WORKER SUPERVISOR II,1
DEPUTY DIRECTOR OF INVESTMENTS,1
CHIEF OF POLICE,1
COMMUNICATIONS DIRECTOR,1
SENIOR TRANSIT TRAFFIC CHECKER,1
METAL FABRICATOR,1
ASSISTANT INSPECTOR (POLICE DEPARTMENT),1
"DIRECTOR, PROBATION SERVICES",1
ORNAMENTAL IRON WORKER SUPERVISOR I,1
ASSOCIATE HUMAN RESOURCES ANALYST,1
"ASSOCIATE MUSEUM CONSERVATOR, ASIAN ART MUSEUM",1
PRINCIPAL MUSEUM PREPARATOR,1
HEAD AIRPORT ELECTRICIAN,1
CHIEF ELECTRICAL INSPECTOR,1
AUDIOLOGIST,1
CASHIER III,1
ROOFER SUPERVISOR I,1
"DIRECTOR, FISCAL SERVICES",1
CARPENTER SUPERVISOR II,1
MEDIA PRODUCTION SUPERVISOR,1
BUILDING SERVICES TECHNICIAN,1
"ASSISTANT DIRECTOR, LOG CABIN RANCH",1
EMPLOYMENT AND TRAINING SPECIALIST VI,1
AIRPORT MECHANICAL MAINTENANCE SUPERVISOR,1
SENIOR MORGUE ATTENDANT,1
SPECIAL ASSISTANT XVI,1
COURT CLERK,1
WHARFINGER I,1
"LEGISLATIVE ASSISTANT, CITY ATTORNEY'S OFFICE",1
SHELTER OFFICE ASSISTANT SUPERVISOR,1
COURT REPORTER COORDINATOR,1
DISABILITY ACCESS COORDINATOR,1
COURT EXECUTIVE OFFICER,1
TELECOMMUNICATIONS TECHNICIAN SUPERVISOR,1
CONFIDENTIAL SECRETARY TO DISTRICT ATTORNEY,1
BOARD SECRETARY - MUNICIPAL TRANSPORTATION AGENC,1
TRAFFIC SIGN MANAGER,1
PUBLIC DEFENDER,1
VETERNIARY LABORATORY TECHNOLOGIST,1
TRAF SIGNAL ELECTRICIAN SUP I,1
CHIEF HOUSING INSPECTOR,1
ASSISTANT LAW LIBRARIAN,1
SUPERVISING WELFARE FRAUD INVESTIGATOR,1
ACUPUNCTURIST,1
SECRETARY TO THE PRESIDING JUDGE,1
"CHIEF PROBATION OFFICER, JUVENILE COURT",1
TREE TOPPER SUPERVISOR II,1
SENIOR PSYCHIATRIC ORDERLY,1
PAINTER SUPERVISOR II,1
LAW LIBRARIAN,1
SENIOR GENERAL UTILITY MECHANIC,1
SUPPLY ROOM ATTENDENT,1
SENIOR PLAN CHECKER,1
TREASURER,1
MUNICIPAL STADIUM GROUNDSKEEPER,1
FARMER,1
SENIOR OFFSET MACHINE OPERATOR,1
ZOO CURATOR,1
CHIEF PLUMBING INSPECTOR,1
ORTHOPEDIC TECHNICIAN II,1
IS TRAINER - SENIOR,1
WIRE ROPE CABLE MAINTENANCE SUPERVISOR,1
CRIME LABORATORY MANAGER,1
ELECTRICAL ENGINEERING ASSOCIATE I,1
"SECRETARY,JUVENILE PROBATION COMMISSION",1
BRAILLIST,1
"DIRECTOR, EMPLOYEE RELATIONS DIVISION",1
"ASST. CHIEF, BUREAU OF CLAIMS INVEST. & ADMIN",1
CHIEF MICROBIOLOGIST,1
SPECIAL ASSISTANT XV,1
"TRACK MAINTENANCE SUPERINTENDENT,MUNICIPAL RAILWAY",1
HUMAN RESOURCES DIRECTOR,1
LABORATORY HELPER,1
"EXECUTIVE ASSISTANT TO THE GENERAL MANAGER, RETIRE",1
"COURT ASSISTANT, SUPERIOR COURT",1
VICTIM & WITNESS TECHNICIAN,1
COURT AD RESOLUTION COORDINATOR,1
EMERGENCY PROTECTIVE ORDERS COMMISSIONER,1
"PRINCIPAL INVESTIGATOR, TAX COLLECTOR",1
PORT DIRECTOR,1
"DIRECTOR, INFORMATION TECHNOLOGY GROUP",1
TRANSIT PAINT SHOP SUPERVISOR I,1
INSTITUTIONAL POLICE LIEUTENANT,1
"LIEUTENANT I, (POLICE DEPARTMENT)",1
"ADMINISTRATOR, SFGH MEDICAL CENTER",1
SENIOR MAINTENANCE CONTROLLER,1
"SECRETARY, LIBRARY COMMISSION",1
POWER PLANT SUPERVISOR I,1
POWER GENERATION TECHNICIAN I,1
ANIMAL CARE ASSISTANT SUPERVISOR,1
STATISTICIAN,1
CITY PLANNING GRAPHICS SUPERVISOR,1
TRAINING COORDINATOR,1
LIBRARIAN II - ASIAN ARTS,1
SHADE AND DRAPERY WORKER,1
MENTAL HEALTH HEARING OFFICER,1
"DIRECTOR, HUMAN RESOURCES",1
ASSISTANT INDUSTRIAL HYGIENIST,1
METALSMITH,1
"DIRECTOR, JUVENILE HALL",1
ASSISTANT DIRECTOR OF CLINICAL SERVICES I,1
MOBILE EQUIPMENT SUPERVISOR,1
ASPHALT PLANT SUPERVISOR I,1
MATERIALS AND SUPPLIES SUPERVISOR,1
ASSESSOR,1
CHIEF NURSERY SPECIALIST,1
COURT SUPERVISOR I,1
FORENSIC TOXICOLOGIST,1
GLAZIER SUPERVISOR I,1
SENIOR LIGHT RAIL VEHICLE EQUIPMENT ENGINEER,1
SENIOR MEDICAL TRANSCRIBER TYPIST,1
CONSERVATORSHIP/CASE MGNT SUPV,1
SUPERVISING COURT ADMINISTRATIVE SECRETARY,1
PRINCIPAL RECREATION SUPERVISOR,1
SENIOR FOOD SERVICE SUPERVISOR,1
SOFT FLOOR COVERER SUPERVISOR,1
"YOUTH COMMISSION ADVISOR, BOARD OF SUPERVISORS",1
POWER HOUSE ELECTRICIAN SUPERVISOR I,1
EMPLOYEE ASSISTANCE COUNSELOR,1
SPECIAL ASSISTANT XVIII,1
SHERIFF,1
CHIEF VICTIM/WITNESS INVESTIGATOR,1
CHIEF TELEPHONE OPERATOR,1
"CAPTAIN, BUREAU OF FIRE PREVENTION AND PUBLIC SAFE",1
"MARKET RESEARCH SPECIALISTS, PORT",1
SENIOR BOOK REPAIRER,1
WINDOW CLEANER SUPERVISOR,1
ELECTROENCEPHALOGRAPH TECHNICIAN I,1
SENIOR EMPLOYEE ASSISTANCE COUNSELOR,1
LEGISLATION CLERK,1
"AREA SUPERVISOR, PARKS, SQUARES AND FACILITIES",1
"SECRETARY, HEALTH COMMISSION",1
COURT ADMINISTRATIVE SECRETARY,1
SHELTER OFFICE SUPERVISOR,1
BAKER,1
MAYORAL STAFF II,1
TRAF SIGNAL ELECTRICIAN SUP II,1
IS TECHNICIAN - ASSISTANT,1
"SENIOR SUPERVISING PROBATION OFFICER, JUVENILE POU",1
SENIOR OPERATIONS MANAGER,1
POWERHOUSE ELECTRICIAN SUPERVISOR II,1
ANIMAL CARE SUPERVISOR,1
SUPERVISING PARTS STOREKEEPER,1
COURT INTERPRETER SUPERVISOR,1
LIEUTENANT II (POLICE DEPARTMENT),1
MAYOR'S PROGRAM MANAGER,1
HEAD PHOTOGRAPHER,1
DEPUTY SEALER OF WEIGHTS AND MEASURES,1
"AIRPORT ASSISTANT DEPUTY DIRECTOR, OPERATIONS",1
WAREHOUSE WORKER,1
Court Supervisor I,1
"SECRETARY, HUMAN SERVICES COMMISSION",1
"AIRPORT ASSISTANT DEPUTY DIRECTOR, BUSINESS ADMINI",1
MAYORAL STAFF V,1
MAYORAL STAFF XI,1
SENIOR DATA ENTRY OPERATOR,1
BARBER,1
SPECIAL ASSISTANT XIV,1
TRAFFIC SIGNAL OPERATOR,1
ASSISTANT RECREATION SUPERVISOR,1
"ASSISTANT DIRECTOR, JUVENILE HALL",1
ORTHOPEDIC TECHNICIAN I,1
"Asst Chf Prob Ofc, Juv Prob",1
Asst Dir Clinical Svcs 2,1
PIANIST,1
PUBLIC SAFETY COMMUNICATIONS TECHNICIAN,1
"Supervising Mediator, UFCS",1
Cfdntal Sctry to Distric Atty,1
Public Service Aide-Technical,1
Civil Case Settlmnt Specialist,1
Pianist,1
Mobile Equipment Supervisor,1
Sheriff,1
Police Services Aide,1
Head Airport Electrician,1
Legislative Calendar Clerk,1
Senior Maintenance Controller,1
Musm Exhibit Packer & Repairer,1
Managing Attorney,1
Special Assistant 18,1
"Pr DistAtty Invstgtor,SpecUnit",1
Special Assistant 8,1
Special Assistant 13,1
Public Safety Comm Tech,1
IS Technician Assistant,1
"Captain, (Fire Department)",1
Drug Court Coordinator,1
"ACPO,JuvP, Juv Prob (SFERS)",1
Administrative Hearing Sup,1
Chief Forensic Toxicologist,1
HH Mechanical Shop Sprv,1
Undersheriff (SFERS),1
Chief Investment Officer,1
Light Rail Vehicle Equip Eng,1
Lieutenant (Police Department),1
"Sr Sprv Prob Ofc, Juv Prob",1
Auto Body&Fender Wrk Asst Sprv,1
Conversion,1
Forensic Toxicologist Supervis,1
Cashier 3,1
Marina Associate Manager,1
"Sr Cnselor, Juv Hall (SFERS)",1
,0
