country,Genre
Afghanistan,"Documentaries,International Movies"
Albania,"Dramas,International Movies"
Algeria,"Classic Movies,Dramas,International Movies"
Angola,"Action & Adventure,International Movies"
Argentina,"Crime TV Shows,Documentaries,Sci-Fi & Fantasy,Sports Movies,Independent Movies,TV Comedies,Music & Musicals,Romantic Movies,TV Dramas,Children & Family Movies,Cult Movies,Stand-Up Comedy,Comedies,Kids' TV,Movies,Thrillers,International TV Shows,TV Horror,Spanish-Language TV Shows,Classic Movies,Action & Adventure,Dramas,Romantic TV Shows,International Movies,Horror Movies,Reality TV,Docuseries,Teen TV Shows,LGBTQ Movies"
Armenia,"Documentaries,International Movies"
Australia,"Crime TV Shows,Documentaries,Sci-Fi & Fantasy,Sports Movies,Independent Movies,TV Comedies,Music & Musicals,TV Thrillers,Romantic Movies,TV Dramas,Children & Family Movies,Cult Movies,Stand-Up Comedy,Comedies,Kids' TV,Movies,Science & Nature TV,British TV Shows,Thrillers,International TV Shows,TV Horror,Classic Movies,TV Sci-Fi & Fantasy,Action & Adventure,Dramas,Romantic TV Shows,International Movies,Horror Movies,Reality TV,Docuseries,Teen TV Shows,TV Mysteries,LGBTQ Movies,TV Action & Adventure"
Austria,"Crime TV Shows,Documentaries,Sci-Fi & Fantasy,Sports Movies,Thrillers,International TV Shows,Independent Movies,Dramas,TV Dramas,International Movies"
Azerbaijan,"International TV Shows,Romantic TV Shows,TV Dramas"
Bahamas,Action & Adventure
Bangladesh,"Independent Movies,Comedies,Dramas,International Movies"
Belarus,"British TV Shows,TV Comedies,Kids' TV"
Belgium,"Crime TV Shows,Documentaries,Sci-Fi & Fantasy,Thrillers,International TV Shows,Independent Movies,Classic Movies,TV Sci-Fi & Fantasy,Action & Adventure,Music & Musicals,Dramas,Romantic Movies,TV Dramas,International Movies,Horror Movies,Children & Family Movies,TV Mysteries,LGBTQ Movies,Comedies,TV Action & Adventure,Kids' TV"
Bermuda,Documentaries
Botswana,Documentaries
Brazil,"Faith & Spirituality,Science & Nature TV,Crime TV Shows,Documentaries,Sports Movies,Thrillers,International TV Shows,TV Horror,Independent Movies,TV Sci-Fi & Fantasy,TV Comedies,Action & Adventure,Music & Musicals,Dramas,TV Dramas,Romantic TV Shows,International Movies,Romantic Movies,Stand-Up Comedy & Talk Shows,Reality TV,Children & Family Movies,Docuseries,TV Mysteries,Stand-Up Comedy,LGBTQ Movies,Comedies,Kids' TV"
Bulgaria,"Horror Movies,Children & Family Movies,Sci-Fi & Fantasy,Thrillers,Independent Movies,Action & Adventure,Dramas,International Movies"
Cambodia,"Children & Family Movies,Sci-Fi & Fantasy,Action & Adventure,Comedies,Dramas,International Movies"
Canada,"Crime TV Shows,Documentaries,Sci-Fi & Fantasy,Sports Movies,Classic & Cult TV,Independent Movies,TV Comedies,Music & Musicals,TV Thrillers,Romantic Movies,TV Dramas,Children & Family Movies,Cult Movies,Stand-Up Comedy,Comedies,Kids' TV,Movies,Faith & Spirituality,Science & Nature TV,British TV Shows,Anime Series,Thrillers,International TV Shows,TV Horror,TV Sci-Fi & Fantasy,Action & Adventure,Korean TV Shows,Dramas,Romantic TV Shows,International Movies,Horror Movies,Reality TV,Docuseries,Teen TV Shows,TV Mysteries,LGBTQ Movies,TV Action & Adventure"
Cayman Islands,"Children & Family Movies,Comedies"
Chile,"Crime TV Shows,Sports Movies,Thrillers,International TV Shows,Spanish-Language TV Shows,Independent Movies,Action & Adventure,Dramas,TV Dramas,Romantic Movies,International Movies,Horror Movies,Children & Family Movies,Stand-Up Comedy,Comedies"
China,"Crime TV Shows,Documentaries,Sci-Fi & Fantasy,Sports Movies,Independent Movies,TV Comedies,Music & Musicals,Romantic Movies,TV Dramas,Children & Family Movies,Cult Movies,Comedies,Kids' TV,Faith & Spirituality,British TV Shows,Thrillers,International TV Shows,TV Sci-Fi & Fantasy,Action & Adventure,Korean TV Shows,Dramas,Romantic TV Shows,Anime Features,International Movies,Horror Movies,Reality TV,Docuseries,Teen TV Shows,TV Mysteries,TV Action & Adventure"
Colombia,"Crime TV Shows,Documentaries,Sci-Fi & Fantasy,International TV Shows,Spanish-Language TV Shows,Independent Movies,TV Comedies,Action & Adventure,Romantic TV Shows,Dramas,TV Dramas,International Movies,Romantic Movies,Docuseries,Stand-Up Comedy,Comedies,TV Action & Adventure"
Croatia,"International TV Shows,Independent Movies,Comedies,Dramas,TV Dramas,International Movies"
Cuba,"Crime TV Shows,International TV Shows,Spanish-Language TV Shows"
Cyprus,"TV Comedies,Kids' TV"
Czech Republic,"Science & Nature TV,British TV Shows,Crime TV Shows,Documentaries,Sci-Fi & Fantasy,Sports Movies,Thrillers,TV Horror,International TV Shows,Independent Movies,Action & Adventure,TV Thrillers,Dramas,TV Dramas,Romantic Movies,International Movies,Horror Movies,Reality TV,Children & Family Movies,Cult Movies,Docuseries,Comedies"
Denmark,"Crime TV Shows,Documentaries,Sports Movies,Thrillers,International TV Shows,Independent Movies,TV Comedies,Action & Adventure,TV Thrillers,Dramas,Romantic Movies,TV Dramas,International Movies,Children & Family Movies,Cult Movies,Docuseries,TV Mysteries,LGBTQ Movies,Comedies,TV Action & Adventure,Kids' TV"
Dominican Republic,"Horror Movies,Thrillers,International Movies"
East Germany,"Children & Family Movies,Classic Movies,Comedies"
Ecuador,Documentaries
Egypt,"Crime TV Shows,Documentaries,Sports Movies,Thrillers,International TV Shows,TV Horror,Independent Movies,Classic Movies,TV Comedies,Action & Adventure,TV Sci-Fi & Fantasy,Music & Musicals,Dramas,Romantic Movies,TV Dramas,International Movies,Romantic TV Shows,Horror Movies,Children & Family Movies,TV Mysteries,Comedies"
Finland,"British TV Shows,Crime TV Shows,Documentaries,Sports Movies,International TV Shows,TV Comedies,Action & Adventure,Music & Musicals,Dramas,TV Dramas,International Movies,Children & Family Movies,Comedies,Kids' TV"
France,"Crime TV Shows,Documentaries,Sci-Fi & Fantasy,Sports Movies,Independent Movies,TV Comedies,Music & Musicals,TV Thrillers,Stand-Up Comedy & Talk Shows,TV Dramas,Romantic Movies,Children & Family Movies,Cult Movies,Stand-Up Comedy,Comedies,Kids' TV,Movies,Faith & Spirituality,Science & Nature TV,British TV Shows,Thrillers,International TV Shows,TV Horror,Classic Movies,TV Sci-Fi & Fantasy,Action & Adventure,Dramas,Romantic TV Shows,International Movies,Horror Movies,Reality TV,Docuseries,TV Mysteries,LGBTQ Movies,TV Action & Adventure"
Georgia,"Documentaries,Independent Movies,Dramas,International Movies"
Germany,"Crime TV Shows,Documentaries,Sci-Fi & Fantasy,Sports Movies,Independent Movies,TV Comedies,Music & Musicals,Stand-Up Comedy & Talk Shows,TV Dramas,Romantic Movies,Children & Family Movies,Cult Movies,Stand-Up Comedy,Comedies,Kids' TV,Movies,Faith & Spirituality,Science & Nature TV,British TV Shows,Thrillers,International TV Shows,TV Sci-Fi & Fantasy,Action & Adventure,Dramas,Romantic TV Shows,International Movies,Horror Movies,Reality TV,Docuseries,TV Mysteries,LGBTQ Movies,TV Action & Adventure"
Ghana,"Independent Movies,Comedies,Dramas,International Movies"
Greece,"Science & Nature TV,British TV Shows,Documentaries,Sci-Fi & Fantasy,International TV Shows,Independent Movies,Action & Adventure,Dramas,Romantic Movies,International Movies,Docuseries,LGBTQ Movies,Comedies,Movies"
Guatemala,"Documentaries,Independent Movies,Dramas,International Movies"
Hong Kong,"Crime TV Shows,Documentaries,Sci-Fi & Fantasy,Sports Movies,Thrillers,International TV Shows,Independent Movies,Classic Movies,TV Comedies,Action & Adventure,Korean TV Shows,Music & Musicals,Dramas,Romantic Movies,TV Dramas,International Movies,Romantic TV Shows,Children & Family Movies,Cult Movies,Comedies"
Hungary,"Children & Family Movies,Sci-Fi & Fantasy,Thrillers,Action & Adventure,Dramas,Romantic Movies,TV Dramas,International Movies"
Iceland,"Horror Movies,Crime TV Shows,Sci-Fi & Fantasy,Thrillers,International TV Shows,Independent Movies,Stand-Up Comedy,Action & Adventure,Dramas,Romantic Movies,TV Dramas,International Movies"
India,"Crime TV Shows,Documentaries,Sci-Fi & Fantasy,Sports Movies,Independent Movies,TV Comedies,Music & Musicals,TV Thrillers,Stand-Up Comedy & Talk Shows,TV Dramas,Romantic Movies,Children & Family Movies,Cult Movies,Stand-Up Comedy,Comedies,Kids' TV,Faith & Spirituality,TV Shows,British TV Shows,Thrillers,International TV Shows,TV Horror,Classic Movies,TV Sci-Fi & Fantasy,Action & Adventure,Dramas,Romantic TV Shows,International Movies,Horror Movies,Reality TV,Docuseries,Teen TV Shows,TV Mysteries,LGBTQ Movies,TV Action & Adventure"
Indonesia,"Faith & Spirituality,Documentaries,Sci-Fi & Fantasy,Sports Movies,International TV Shows,TV Comedies,Action & Adventure,Music & Musicals,Dramas,Romantic Movies,TV Dramas,International Movies,Romantic TV Shows,Horror Movies,Children & Family Movies,Comedies,Kids' TV"
Iran,"Horror Movies,Thrillers,Independent Movies,Classic Movies,Dramas,International Movies"
Iraq,"Documentaries,International Movies"
Ireland,"Faith & Spirituality,British TV Shows,Crime TV Shows,Documentaries,Sports Movies,Thrillers,International TV Shows,TV Horror,Independent Movies,TV Comedies,Action & Adventure,Dramas,Romantic Movies,TV Dramas,International Movies,Horror Movies,Children & Family Movies,TV Mysteries,Comedies,TV Action & Adventure,Kids' TV"
Israel,"Faith & Spirituality,Crime TV Shows,Documentaries,Sci-Fi & Fantasy,Sports Movies,Thrillers,International TV Shows,Independent Movies,TV Comedies,Action & Adventure,Dramas,TV Dramas,International Movies,Horror Movies,Docuseries,Comedies,TV Action & Adventure"
Italy,"Faith & Spirituality,Crime TV Shows,Documentaries,Sci-Fi & Fantasy,Sports Movies,Thrillers,International TV Shows,TV Horror,Spanish-Language TV Shows,Independent Movies,Classic Movies,TV Comedies,Action & Adventure,Music & Musicals,Dramas,TV Dramas,Romantic Movies,International Movies,Romantic TV Shows,Horror Movies,Children & Family Movies,Docuseries,Teen TV Shows,Stand-Up Comedy,LGBTQ Movies,Comedies,Kids' TV"
Jamaica,"Sports Movies,Dramas,International Movies"
Japan,"Crime TV Shows,Documentaries,Sci-Fi & Fantasy,Sports Movies,Independent Movies,TV Comedies,TV Thrillers,Music & Musicals,Stand-Up Comedy & Talk Shows,TV Dramas,Romantic Movies,Children & Family Movies,Cult Movies,Comedies,Kids' TV,Movies,TV Shows,Anime Series,Thrillers,International TV Shows,TV Horror,Classic Movies,Action & Adventure,Dramas,Anime Features,Romantic TV Shows,International Movies,Horror Movies,Reality TV,Docuseries,Teen TV Shows,TV Mysteries,LGBTQ Movies,TV Action & Adventure"
Jordan,"Horror Movies,Documentaries,Sports Movies,Thrillers,International TV Shows,TV Mysteries,Comedies,Dramas,TV Dramas,International Movies"
Kazakhstan,Children & Family Movies
Kenya,"Documentaries,Thrillers,Comedies,Dramas,Romantic Movies,International Movies"
Kuwait,"Sci-Fi & Fantasy,Thrillers,International TV Shows,Action & Adventure,Comedies,Dramas,TV Dramas,Romantic TV Shows,International Movies"
Latvia,"Dramas,International Movies"
Lebanon,"Crime TV Shows,Documentaries,International TV Shows,Independent Movies,Classic Movies,Music & Musicals,TV Thrillers,Dramas,TV Dramas,Romantic Movies,International Movies,Romantic TV Shows,Children & Family Movies,Comedies"
Liechtenstein,"Classic Movies,Dramas,Romantic Movies"
Lithuania,"Dramas,International Movies"
Luxembourg,"Children & Family Movies,Sci-Fi & Fantasy,Thrillers,Independent Movies,Action & Adventure,Dramas,Kids' TV,International Movies"
Malawi,"Children & Family Movies,Independent Movies,Dramas"
Malaysia,"International TV Shows,Independent Movies,TV Comedies,Action & Adventure,Korean TV Shows,Dramas,Romantic Movies,TV Dramas,International Movies,Romantic TV Shows,Horror Movies,Children & Family Movies,TV Mysteries,Comedies,Kids' TV"
Malta,"Crime TV Shows,Thrillers,TV Action & Adventure,Dramas,Romantic Movies,TV Dramas"
Mauritius,"International TV Shows,TV Dramas"
Mexico,"Crime TV Shows,Documentaries,Sci-Fi & Fantasy,Sports Movies,Classic & Cult TV,Independent Movies,TV Comedies,Music & Musicals,Romantic Movies,TV Dramas,Children & Family Movies,Stand-Up Comedy,Comedies,Kids' TV,Movies,Thrillers,International TV Shows,Spanish-Language TV Shows,Classic Movies,TV Sci-Fi & Fantasy,Action & Adventure,Dramas,Romantic TV Shows,International Movies,Horror Movies,Reality TV,Docuseries,LGBTQ Movies,TV Action & Adventure"
Mongolia,"Documentaries,International Movies"
Montenegro,"Dramas,International Movies"
Morocco,"Faith & Spirituality,Documentaries,Independent Movies,Action & Adventure,Dramas,International Movies"
Namibia,"Documentaries,Dramas,International Movies"
Nepal,"Action & Adventure,Comedies,Dramas,International Movies"
Netherlands,"British TV Shows,Crime TV Shows,Documentaries,Sci-Fi & Fantasy,Sports Movies,Thrillers,International TV Shows,TV Horror,Independent Movies,TV Comedies,Action & Adventure,Music & Musicals,Dramas,TV Dramas,Romantic Movies,International Movies,Children & Family Movies,Stand-Up Comedy,LGBTQ Movies,Comedies,TV Action & Adventure,Kids' TV"
New Zealand,"Documentaries,Sci-Fi & Fantasy,Sports Movies,International TV Shows,Independent Movies,TV Sci-Fi & Fantasy,Action & Adventure,TV Thrillers,Dramas,TV Dramas,International Movies,Children & Family Movies,Reality TV,Docuseries,Comedies,TV Action & Adventure,Kids' TV"
Nicaragua,Documentaries
Nigeria,"Documentaries,Thrillers,International TV Shows,Independent Movies,TV Comedies,Action & Adventure,Music & Musicals,Dramas,Romantic Movies,Romantic TV Shows,International Movies,TV Dramas,Horror Movies,Comedies"
Norway,"Science & Nature TV,Crime TV Shows,Documentaries,Thrillers,International TV Shows,TV Horror,Independent Movies,TV Comedies,Action & Adventure,TV Thrillers,Dramas,Romantic Movies,TV Dramas,International Movies,Romantic TV Shows,Horror Movies,Children & Family Movies,Docuseries,TV Mysteries,Comedies,TV Action & Adventure"
Pakistan,"Horror Movies,Crime TV Shows,Children & Family Movies,International TV Shows,Independent Movies,Action & Adventure,Music & Musicals,Comedies,Dramas,Romantic Movies,Romantic TV Shows,International Movies,TV Dramas"
Panama,"Documentaries,Sports Movies"
Paraguay,"Action & Adventure,International Movies"
Peru,"Horror Movies,Documentaries,Sports Movies,Comedies,Dramas,Romantic Movies,International Movies"
Philippines,"Documentaries,Sports Movies,Thrillers,International TV Shows,Independent Movies,Action & Adventure,Music & Musicals,Dramas,Romantic Movies,TV Dramas,International Movies,Horror Movies,Children & Family Movies,LGBTQ Movies,Comedies"
Poland,"Crime TV Shows,Documentaries,Sci-Fi & Fantasy,Thrillers,International TV Shows,Independent Movies,Classic Movies,Action & Adventure,Dramas,TV Dramas,Romantic Movies,International Movies,Horror Movies,Cult Movies,Docuseries,TV Mysteries,Comedies,TV Action & Adventure"
Portugal,"Sports Movies,Independent Movies,Comedies,Dramas,Romantic Movies,International Movies"
Puerto Rico,"Crime TV Shows,International TV Shows,Spanish-Language TV Shows"
Qatar,"Horror Movies,Children & Family Movies,Thrillers,Independent Movies,Comedies,Dramas,International Movies"
Romania,"Children & Family Movies,Documentaries,Sci-Fi & Fantasy,Thrillers,Music & Musicals,Comedies,Dramas,Romantic Movies,International Movies"
Russia,"Science & Nature TV,Crime TV Shows,Documentaries,Sci-Fi & Fantasy,Sports Movies,Thrillers,International TV Shows,TV Comedies,Action & Adventure,Korean TV Shows,Dramas,TV Dramas,Romantic TV Shows,International Movies,Horror Movies,Children & Family Movies,Docuseries,TV Mysteries,TV Action & Adventure,Kids' TV"
Samoa,"Documentaries,Sports Movies"
Saudi Arabia,"TV Shows,Sports Movies,International TV Shows,Independent Movies,TV Comedies,Comedies,Dramas,Romantic Movies,TV Dramas,International Movies"
Senegal,"Crime TV Shows,Documentaries,International TV Shows,Independent Movies,Dramas,TV Dramas,International Movies"
Serbia,"Horror Movies,Documentaries,Sci-Fi & Fantasy,Thrillers,Independent Movies,Action & Adventure,Dramas,International Movies"
Singapore,"Crime TV Shows,Documentaries,Sci-Fi & Fantasy,Thrillers,International TV Shows,TV Horror,Independent Movies,TV Sci-Fi & Fantasy,Action & Adventure,Korean TV Shows,TV Comedies,Dramas,TV Dramas,Romantic Movies,International Movies,Romantic TV Shows,Horror Movies,Reality TV,Cult Movies,Stand-Up Comedy,Kids' TV"
Slovakia,"Dramas,International Movies"
Slovenia,"Horror Movies,Sci-Fi & Fantasy,Independent Movies,Comedies,Dramas,International Movies"
Somalia,Dramas
South Africa,"Faith & Spirituality,British TV Shows,Crime TV Shows,Documentaries,Sci-Fi & Fantasy,Sports Movies,Thrillers,International TV Shows,Independent Movies,TV Comedies,Action & Adventure,Music & Musicals,Dramas,Romantic Movies,TV Dramas,International Movies,Romantic TV Shows,Horror Movies,Docuseries,TV Mysteries,Comedies,TV Action & Adventure"
South Korea,"Crime TV Shows,Documentaries,Sci-Fi & Fantasy,Independent Movies,TV Comedies,Music & Musicals,TV Thrillers,Stand-Up Comedy & Talk Shows,TV Dramas,Romantic Movies,Children & Family Movies,Cult Movies,Stand-Up Comedy,Comedies,Kids' TV,Movies,Thrillers,International TV Shows,TV Horror,Action & Adventure,Korean TV Shows,Romantic TV Shows,Dramas,International Movies,Horror Movies,Reality TV,TV Mysteries,TV Action & Adventure"
Soviet Union,"Sci-Fi & Fantasy,Action & Adventure,Music & Musicals,Dramas,Romantic Movies,International Movies"
Spain,"Crime TV Shows,Documentaries,Sci-Fi & Fantasy,Sports Movies,Independent Movies,TV Comedies,Music & Musicals,Romantic Movies,TV Dramas,Children & Family Movies,Comedies,Kids' TV,Movies,Faith & Spirituality,Science & Nature TV,British TV Shows,Anime Series,Thrillers,International TV Shows,Spanish-Language TV Shows,Classic Movies,Action & Adventure,Dramas,Romantic TV Shows,International Movies,Horror Movies,Reality TV,Docuseries,Teen TV Shows,LGBTQ Movies,TV Action & Adventure"
Sri Lanka,"Documentaries,International Movies"
Sudan,Dramas
Sweden,"Crime TV Shows,Documentaries,Sports Movies,Thrillers,International TV Shows,Independent Movies,TV Comedies,Action & Adventure,Music & Musicals,TV Thrillers,Dramas,Romantic Movies,TV Dramas,International Movies,Romantic TV Shows,Cult Movies,Stand-Up Comedy,Comedies,Kids' TV"
Switzerland,"Faith & Spirituality,Children & Family Movies,Documentaries,Sci-Fi & Fantasy,Thrillers,International TV Shows,Independent Movies,TV Comedies,Action & Adventure,Comedies,Dramas,TV Dramas,International Movies"
Syria,"International TV Shows,TV Dramas"
Taiwan,"Crime TV Shows,Documentaries,Sports Movies,Thrillers,International TV Shows,TV Horror,Independent Movies,TV Comedies,Action & Adventure,TV Sci-Fi & Fantasy,Music & Musicals,TV Thrillers,Romantic TV Shows,TV Dramas,Romantic Movies,International Movies,Dramas,Horror Movies,Reality TV,Teen TV Shows,TV Mysteries,LGBTQ Movies,Comedies,TV Action & Adventure"
Thailand,"Faith & Spirituality,Crime TV Shows,Documentaries,Sports Movies,Thrillers,International TV Shows,TV Horror,TV Comedies,Action & Adventure,TV Sci-Fi & Fantasy,Music & Musicals,TV Thrillers,Dramas,TV Dramas,Romantic TV Shows,International Movies,Romantic Movies,Horror Movies,Children & Family Movies,Docuseries,Teen TV Shows,TV Mysteries,LGBTQ Movies,Comedies,TV Action & Adventure"
Turkey,"Crime TV Shows,Sports Movies,Thrillers,International TV Shows,TV Horror,Independent Movies,TV Comedies,Action & Adventure,Music & Musicals,TV Thrillers,Dramas,TV Dramas,Romantic Movies,International Movies,Romantic TV Shows,Horror Movies,Children & Family Movies,Teen TV Shows,TV Mysteries,Comedies,TV Action & Adventure"
Uganda,Documentaries
Ukraine,"Crime TV Shows,Documentaries,International TV Shows,TV Comedies,TV Dramas,International Movies"
United Arab Emirates,"Documentaries,Sci-Fi & Fantasy,Sports Movies,Thrillers,International TV Shows,Independent Movies,Action & Adventure,Dramas,Romantic Movies,TV Dramas,International Movies,Horror Movies,Children & Family Movies,Comedies"
United Kingdom,"Crime TV Shows,Documentaries,Sci-Fi & Fantasy,Sports Movies,Classic & Cult TV,Independent Movies,TV Comedies,Music & Musicals,TV Thrillers,Stand-Up Comedy & Talk Shows,TV Dramas,Romantic Movies,Children & Family Movies,Cult Movies,Stand-Up Comedy,Comedies,Kids' TV,Movies,Faith & Spirituality,Science & Nature TV,British TV Shows,Thrillers,International TV Shows,TV Horror,Spanish-Language TV Shows,Classic Movies,TV Sci-Fi & Fantasy,Action & Adventure,Dramas,Romantic TV Shows,International Movies,Horror Movies,Reality TV,Docuseries,TV Mysteries,LGBTQ Movies,TV Action & Adventure"
United States,"Crime TV Shows,Documentaries,Sci-Fi & Fantasy,Sports Movies,Classic & Cult TV,Independent Movies,TV Comedies,Music & Musicals,TV Thrillers,Stand-Up Comedy & Talk Shows,TV Dramas,Romantic Movies,Children & Family Movies,Cult Movies,Stand-Up Comedy,Comedies,Kids' TV,Movies,Faith & Spirituality,Science & Nature TV,British TV Shows,TV Shows,Anime Series,Thrillers,International TV Shows,TV Horror,Spanish-Language TV Shows,Classic Movies,TV Sci-Fi & Fantasy,Action & Adventure,Korean TV Shows,Dramas,Anime Features,Romantic TV Shows,International Movies,Horror Movies,Reality TV,Docuseries,Teen TV Shows,TV Mysteries,LGBTQ Movies,TV Action & Adventure"
Uruguay,"Science & Nature TV,Documentaries,Sports Movies,International TV Shows,Docuseries,Independent Movies,Music & Musicals,Comedies,Dramas,International Movies"
Vatican City,"Faith & Spirituality,Documentaries,International Movies"
Venezuela,"Documentaries,International Movies"
Vietnam,"Horror Movies,Documentaries,Thrillers,Action & Adventure,Music & Musicals,Comedies,Dramas,International Movies"
West Germany,"Horror Movies,Children & Family Movies,Documentaries,Thrillers,International TV Shows,Classic Movies,TV Comedies,Comedies,TV Dramas,International Movies"
Zimbabwe,"Documentaries,Comedies,Romantic Movies,International Movies"
