director,count
Jan Suter,21
Raúl Campos,19
Marcus Raboy,16
Jay Karas,15
Cathy Garcia-Molina,13
Youssef Chahine,12
Martin Scorsese,12
Jay Chapman,12
Steven Spielberg,10
David Dhawan,9
Shannon Hartman,9
Anurag Kashyap,9
Justin G. Dyck,8
Umesh Mehra,8
Robert Rodriguez,8
Kunle Afolayan,8
Hakan Algül,8
Johnnie To,8
Ryan Polito,8
Yılmaz Erdoğan,8
Lance Bangs,8
Quentin Tarantino,8
Omoni Oboli,7
S.S. Rajamouli,7
Dibakar Banerjee,7
Don Michael Paul,7
Leslie Small,7
Noah Baumbach,7
Ozan Açıktan,7
Fernando Ayllón,7
McG,7
Hanung Bramantyo,7
Wong Jing,6
Tilak Shetty,6
Riri Riza,6
Jesse V. Johnson,6
Priyadarshan,6
Karan Johar,6
Troy Miller,6
Vlad Yudin,6
Rajkumar Santoshi,6
Rocky Soraya,6
Wenn V. Deramas,6
Ashutosh Gowariker,6
Sameh Abdulaziz,6
Zoya Akhtar,6
Imtiaz Ali,6
Steven Soderbergh,6
Matt Askem,6
Ron Howard,6
Anees Bazmee,6
Sooraj R. Barjatya,6
Joey So,6
Kevin Smith,6
Michael Simon,6
Ram Gopal Varma,6
William Lau,6
Robert Vince,6
Ken Burns,5
Ishi Rudell,5
Thierry Donard,5
Niyi Akinmolayan,5
Poj Arnon,5
Prakash Satam,5
Nagesh Kukunoor,5
Khaled Marei,5
Madhur Bhandarkar,5
David Batty,5
Indra Kumar,5
Robb Wells,5
Lana Wachowski,5
Jay Roach,5
Mae Czarina Cruz,5
Mike Smith,5
Prakash Jha,5
Shigeaki Kubo,5
Lilly Wachowski,5
Rajiv Chilaka,5
Abbas Alibhai Burmawalla,5
Clint Eastwood,5
Kıvanç Baruönü,5
Manny Rodriguez,5
Rajiv Mehra,5
Steve Ball,5
Vishal Bhardwaj,5
Detlev Buck,5
Anurag Basu,5
Mike Clattenburg,5
John Paul Tremblay,5
Wilson Yip,5
Steve Brill,5
Mahesh Manjrekar,5
Rohit Shetty,5
Mastan Alibhai Burmawalla,5
Cristina Jacob,4
Chris Stokes,4
Andrew Lau Wai-Keung,4
Christopher Storer,4
Toshiya Shinohara,4
Qaushiq Mukherjee,4
Terry Gilliam,4
Sam Liu,4
Antonio Campos,4
Rob Minkoff,4
Joe Berlinger,4
Andy Tennant,4
Alex Woo,4
Shyam Benegal,4
Fernando González Molina,4
Alastair Fothergill,4
Lucas Margutti,4
Spike Lee,4
Hiroyuki Seshita,4
Steve Carr,4
Shaun Paul Piccinino,4
Lynn Shelton,4
Hrishikesh Mukherjee,4
Oliver Stone,4
Jun Lana,4
Rakeysh Omprakash Mehra,4
Maroun Baghdadi,4
Sudhir Mishra,4
Luis Ara,4
Milan Luthria,4
Savage Steve Holland,4
Hernán Zin,4
Angga Dwimas Sasongko,4
Paul Dugdale,4
Jeremy Saulnier,4
Lee Tamahori,4
Conrad Helten,4
Farhan Akhtar,4
John Huston,4
Masahiko Murata,4
Dan Villegas,4
Philippe Aractingi,4
Nishikant Kamat,4
Wael Ehsan,4
Martin Campbell,4
Ahmad El-Badri,4
Rohit Jugraj,4
Paul Thomas Anderson,4
Antoinette Jadaone,4
Frank Capra,4
Wael Ihsan,4
Werner Herzog,4
Chia-Liang Liu,4
Michael McKay,4
David Fincher,4
Banjong Pisanthanakun,4
Stan Lathan,4
Robert Luketic,4
Stanley Moore,4
Farah Khan,4
Vikramaditya Motwane,4
Kundan Shah,4
Mike Newell,4
Ahmed Nader Galal,4
Subhash Ghai,4
Edward Cotterill,4
Gregory Hoblit,4
Neeraj Pandey,3
Kief Davidson,3
Remo D'Souza,3
Mike Gunther,3
Adam Carolla,3
Sermiyan Midyat,3
Bedran Güzel,3
Rob Cohen,3
Jeff Baena,3
Pratim D. Gupta,3
Gonzalo López-Gallego,3
Raj Kumar Gupta,3
Rajkumar Hirani,3
Pidi Baiq,3
Christopher Nolen,3
Toshiyuki Kubooka,3
Ashwin Saravanan,3
John Asher,3
Maria Ripoll,3
Mikhail Red,3
Ricky Gervais,3
Sujoy Ghosh,3
Abhishek Chaubey,3
Mani Ratnam,3
Leena Yadav,3
Barry Sonnenfeld,3
Ketan Mehta,3
Ron Myrick,3
Jeff Nichols,3
Olivier Assayas,3
Nate Adams,3
Atom Egoyan,3
Antoine Fuqua,3
Kim Nguyen,3
Timothy Woodward Jr.,3
Anirban Majumder,3
Scott Stewart,3
Satish Rajwade,3
Vivieno Caldinelli,3
Roger Kumble,3
Note Chern-Yim,3
Cosima Spender,3
Onir,3
Raja Gosnell,3
Rako Prijanto,3
Vince Marcello,3
TJ Sullivan,3
Chandrakant Kulkarni,3
Joe Camp,3
Karyn Kusama,3
David Mackenzie,3
Yasmin Ahmad,3
Vikas Bahl,3
Petra Costa,3
Dustin McKenzie,3
Barak Goodman,3
Dante Lam,3
Alfonso Cuarón,3
Gastón Duprat,3
Greg Rankin,3
Simon Wells,3
Abhinay Deo,3
Noriyuki Abe,3
Aziz Mirza,3
Jon M. Chu,3
Ron Oliver,3
Latif Faiziyev,3
David Zucker,3
Theodore Boborol,3
Craig Brewer,3
Akiva Schaffer,3
Gerardo Olivares,3
Sunil Sukthankar,3
Gajendra Ahire,3
Adrian Teh,3
Israel Adrián Caetano,3
Toka McBaror,3
Peyton Reed,3
Kazuchika Kise,3
Louis C.K.,3
Rano Karno,3
John Schultz,3
G.J. Echternkamp,3
Tiller Russell,3
Michael Bay,3
Greg MacGillivray,3
Tom Hooper,3
Obi Emelonye,3
Clay Glen,3
Roger Allers,3
Barry Avrich,3
Nila Madhab Panda,3
Shirish Kunder,3
Ismail Farouk,3
Amitoj Mann,3
Richard Weston,3
Cheh Chang,3
Diego Pignataro,3
Walter C. Miller,3
Marc Forster,3
Mark A.Z. Dippé,3
Rob Reiner,3
Bobcat Goldthwait,3
David Michôd,3
Alex Lehmann,3
Chris Buck,3
David Ayer,3
Hasan Karacadağ,3
Joel Coen,3
Florent Bodin,3
Momoko Kamiya,3
Raj Kapoor,3
Lekh Tandon,3
Kobun Shizuno,3
Frank Oz,3
Linda Mendoza,3
Scott Zabielski,3
Bo Burnham,3
Ahmed Al-Badry,3
Matías Gueilburt,3
Vicky Matthews,3
Shawn Levy,3
Amr Arafa,3
Moses Inwang,3
Ken Ghosh,3
Peter Farrelly,3
Brett Haley,3
Orlando von Einsiedel,3
Andibachtiar Yusuf,3
Adam Shankman,3
Munjal Shroff,3
Tope Oshin,3
Sylvester Stallone,3
Ethan Coen,3
Frank Coraci,3
Olivia M. Lamasan,3
Gabriele Muccino,3
Abhishek Kapoor,3
B. V. Nandini Reddy,3
Mike Flanagan,3
Cem Yılmaz,3
Ishaya Bako,3
Mohamed Hamdy,3
John Lee Hancock,3
Abhishek Sharma,3
Ömer Faruk Sorak,3
Morgan Neville,3
Ava DuVernay,3
Jonathan Demme,3
Charles Stone III,3
Ernie Barbarash,3
Eli Roth,3
Peter Segal,3
Sumitra Bhave,3
Timo Tjahjanto,3
John Fortenberry,3
Prakash Mehra,3
Lasse Hallström,3
Mahesh Bhatt,3
Steve Sacks,3
Jalil Lespert,3
Burak Aksak,3
Ezekiel Norton,3
Jon Rosenbaum,3
Chris Howe,3
Michael Dowse,3
Asit Mohapatra,3
David R. Ellis,3
Pankaj Batra,3
Seth Barrish,3
Fajar Bustomi,3
Michael Tiddes,3
Sean McNamara,3
Neal Brennan,3
Mohamed Samy,3
Brian Levant,3
Manish Jha,2
Will Gluck,2
Patricia Font,2
Zak Hilditch,2
Sherif Arafa,2
Tom Ford,2
Nicholas Kharkongor,2
Jared Hess,2
Tig Notaro,2
Alban Teurlai,2
Olivier Marchal,2
Syrine Boulanouar,2
Kabir Sadanand,2
Edwin,2
Griffin Dunne,2
Femi Oyeniran,2
Justin Webster,2
Mohit Suri,2
Hazem Fouda,2
Phil Weinstein,2
Jerry Rothwell,2
Oliver Twinch,2
Michael Patrick King,2
Alexis Morante,2
Jeff Orlowski,2
Baljit Singh Deo,2
David Pastor,2
Sriram Raghavan,2
Kris Pearn,2
Harold Cronk,2
Sundar C.,2
Steven Knight,2
Antonio Serrano,2
Noam Murro,2
Tim Burton,2
Ulises Valencia,2
Tsutomu Mizushima,2
Sam Mendes,2
Eric Idle,2
Rachel Grady,2
Florian Henckel von Donnersmarck,2
Hannah Fidell,2
Joe Dante,2
Ted Emery,2
Gianfranco Rosi,2
Tarsem Singh,2
Patryk Vega,2
J.C. Chandor,2
Shashanka Ghosh,2
Matthew Vaughn,2
Santosh Sivan,2
Eli Craig,2
Avadhoot Gupte,2
Dee Rees,2
Scott Hicks,2
John G. Avildsen,2
N. Linguswamy,2
Robert Altman,2
Masaaki Yuasa,2
Peter Spirer,2
Gilles Paquet-Brenner,2
Basu Chatterjee,2
John Dahl,2
Zoe Berriatúa,2
Jon Shenk,2
Daniel Alfredson,2
Umesh Shukla,2
Jack C. Newell,2
Houda Benyamina,2
Abba T. Makama,2
Anthony Giordano,2
Clark Johnson,2
William Brent Bell,2
Hiromasa Yonebayashi,2
Dennie Gordon,2
Christopher Smith,2
Tyler Spindel,2
Trivikram Srinivas,2
Mike Birbiglia,2
Peter Lepeniotis,2
Shyamal Chaulia,2
Robert O. Peters,2
George Ford,2
David M. Rosenthal,2
Paul W.S. Anderson,2
Jeff Tremaine,2
Upi Avianto,2
Chris Renaud,2
T.J. Martin,2
Tosin Coker,2
Todd Kauffman,2
David O. Russell,2
Stephen Chiodo,2
Sang-ho Yeon,2
Isaac Ezban,2
Steven Bognar,2
Sekhar Kammula,2
Benny Safdie,2
Mikhil Musale,2
Daniel Gray Longino,2
Sachin Yardi,2
Nagraj Manjule,2
Renzil D'Silva,2
Jeffrey Walker,2
Spike Jonze,2
Jason Paul Laxamana,2
Madeleine Parry,2
Alejandro Montiel,2
Ross Kauffman,2
Mysskin,2
Ajay Bhuyan,2
Fernando Meirelles,2
Kip Andersen,2
Brett Ratner,2
Chris Bell,2
Tate Taylor,2
Paul Verhoeven,2
Rusty Cundieff,2
Jeethu Joseph,2
Harvey Lowry,2
Salvador Calvo,2
Rajat Kapoor,2
Kevin Layne,2
Stacie Passon,2
Tarun Mansukhani,2
John Stockwell,2
Aditya Sarpotdar,2
James Toback,2
Ryan Coogler,2
Pascal Amanfo,2
Mark Steven Johnson,2
Anthony Scott Burns,2
Rhys Thomas,2
Sebastián Schindel,2
Bejoy Nambiar,2
Nadia Hallgren,2
Bobby Farrelly,2
Brian De Palma,2
Rudy Soedjarwo,2
Daniel Calparsoro,2
Asif Kapadia,2
Drake Doremus,2
Lynn Novick,2
Alain Desrochers,2
Mana Yasuda,2
Selçuk Aydemir,2
Richard Bailey,2
Errol Morris,2
Ali Taner Baltacı,2
Oluseyi Asurf,2
Mark Thornton,2
Mahmoud Karim,2
Ifa Isfansyah,2
Phillip Noyce,2
Philipp Stölzl,2
Chanda Bell,2
Oz Rodriguez,2
Mark Tonderai,2
Lewis Milestone,2
Husam El-Gohari,2
Sean Penn,2
Trey Edward Shults,2
Bert Marcus,2
Ric Roman Waugh,2
Sarah Adina Smith,2
Davis Guggenheim,2
Elaine McMillion Sheldon,2
Scott L. Montoya,2
Ronna Gradus,2
Hussein Kamal,2
Michèle Ohayon,2
Wes Craven,2
Peter Hutchings,2
Padmakumar Narasimhamurthy,2
Sofia Coppola,2
Stanisław Różewicz,2
Toa Fraser,2
Darren Lynn Bousman,2
Tim Maltby,2
Leslie Iwerks,2
Stanley Kubrick,2
Lee Hirsch,2
BB Sasore,2
Alistair Legrand,2
Stanley Nelson,2
Ali Ragab,2
Bong Joon Ho,2
Faris Godus,2
Andrew Tan,2
Lars von Trier,2
Dino Risi,2
Khaled El Halafawy,2
Michael J. Bassett,2
Estela Renner,2
Thomas Astruc,2
Stephen Daldry,2
Tensai Okamura,2
Heidi Ewing,2
Cristi Puiu,2
Anthony D'Souza,2
Derek Cianfrance,2
Danny Boyle,2
John Duigan,2
Ivan Reitman,2
Byron Howard,2
David Gordon Green,2
Álex de la Iglesia,2
Ashok Nanda,2
Janusz Majewski,2
Christopher Guest,2
Maryo J. De los Reyes,2
Daniel Lindsay,2
Marcelo Galvão,2
Terry Jones,2
Mukul Anand,2
Don Bluth,2
Kristian Mercado,2
Sion Sono,2
Aditya Kripalani,2
Chris Smith,2
Michael Drumm,2
Kim A. Snyder,2
Larry Latham,2
Rob Seidenglanz,2
Leo Riley,2
Sameer Vidwans,2
Karthik Subbaraj,2
Jon Lucas,2
Gillian Robespierre,2
Hani Hamdi,2
J.A. Bayona,2
Ahmed Zein,2
Aanand Rai,2
Brian Robbins,2
John Hillcoat,2
Barry Levinson,2
Rashida Jones,2
Paul Soriano,2
Parambrata Chatterjee,2
Peter Sullivan,2
Benjamin Turner,2
A. L. Vijay,2
Amy Schumer,2
Fisher Stevens,2
Ross Boyask,2
John Ford,2
Steve Paley,2
Luc Vinciguerra,2
Tyler Perry,2
R. Ellis Frazier,2
Steven Brill,2
Rizal Mantovani,2
Nicolás López,2
Osgood Perkins,2
Dan Gilroy,2
Julia Reichert,2
V Vignarajan,2
Ted Demme,2
Satish Kaushik,2
Ben Wallis,2
Joe DeMaio,2
Atanu Ghosh,2
Richard Rich,2
Shirley Frimpong-Manso,2
Pete Travis,2
James Wong,2
Brian Oakes,2
Hadi El Bagoury,2
Norman Jewison,2
Ben Wheatley,2
Blair Simmons,2
Mateo Gil,2
Mez Tharatorn,2
Suparn Verma,2
Ron Davis,2
Liz Garbus,2
Dallas Jackson,2
Ryan Murphy,2
Keoni Waxman,2
Matt Kugelman,2
Kenny Young,2
Jose Manuel Colón,2
Robert Kenner,2
Jacob Joice,2
Aitor Arregi,2
Alex Zamm,2
Taika Waititi,2
Eduardo Roy Jr.,2
Gore Verbinski,2
Miguel Cohan,2
Àlex Pastor,2
George Clooney,2
Ruel S. Bayani,2
Julien Leclercq,2
Sam Raimi,2
Randall Lobb,2
Michael Goguen,2
Keegan Kuhn,2
Stephen Chow,2
Luv Ranjan,2
Rajiv Menon,2
Navaniat Singh,2
Andrzej Bartkowiak,2
Charlie Lightening,2
Damián Romay,2
Michael D. Black,2
Andrew Duncan,2
James Wan,2
James McTeigue,2
Naoko Yamada,2
Simon Wincer,2
Ziad Doueiri,2
Sam Wrench,2
Ian Edelman,2
Shakti Samanta,2
Warren P. Sonoda,2
Yoshiyuki Momose,2
Martin Gorst,2
Michael Damian,2
Jerry Seinfeld,2
Alison Klayman,2
Mitch Schauer,2
Nicolas Pesce,2
M. Night Shyamalan,2
Hugues Nancy,2
Jehane Noujaim,2
Hajime Kamegaki,2
Morgan Spurlock,2
Bernie Denk,2
Scott Moore,2
Rebecca Zlotowski,2
Gareth Evans,2
Jerrold Tarog,2
Jani Lachauer,2
Fabien Beziat,2
Bille Woodruff,2
Erwin van den Eshof,2
Haifaa Al-Mansour,2
Vir Das,2
Anu Menon,2
Paul Solet,2
Daniel Mann,2
Federico Lemos,2
Cal Seville,2
Pang Ho-cheung,2
Yorgos Lanthimos,2
Chito S. Roño,2
Brad Anderson,2
Michael Showalter,2
Federico Veiroj,2
Weica Wang,2
Chris Sivertson,2
Jason Reitman,2
Angelina Jolie,2
Kevin MacDonald,2
Peter Orton,2
Guillermo del Toro,2
Will Yapp,2
Bruno Garotti,2
Ribhu Dasgupta,2
Harald Zwart,2
Ali F. Mostafa,2
Guy Ritchie,2
A.R. Murugadoss,2
Raditya Dika,2
Paul Andrew Williams,2
Ciarán Foy,2
Şenol Sönmez,2
Alex Proyas,2
Sangeeth Sivan,2
Daniel Kontur,2
Frank Rajah Arase,2
Scott Moran,2
Susannah Ward,2
Dominic Sena,2
Paul Weitz,2
Neill Blomkamp,2
Aaron Sorkin,2
Sudesh Manjrekar,2
Mar Targarona,2
Apoorva Lakhia,2
Anggy Umbara,2
Shivam Nair,2
Marcos Bucay,2
Bruce Beresford,2
Abhijit Panse,2
Rod Blackhurst,2
Sanjay Jadhav,2
Ari Sandel,2
Peter Berg,2
Kyran Kelly,2
Nick Broomfield,2
Alessandro Angulo,2
Meltem Bozoflu,2
David Dobkin,2
Hardik Mehta,2
Kemi Adetiba,2
Sze Yu Lau,2
Dave Higby,2
Herman Yau,2
Joram Lürsen,2
Brad Peyton,2
Jonathan Levine,2
Alex Timbers,2
Demetri Martin,2
David Sington,2
Alejandro Fernández Almendras,2
Dan Forrer,2
Eduardo Chauvet,2
Mahsun Kırmızıgül,2
Francesco Imperato,2
David E. Talbert,2
Jota Linares,2
Brian Volk-Weiss,2
Corey Yuen,2
Makarand Mane,2
Gary Howsam,2
Jung-ah Im,2
Dennis Dugan,2
Charlie McDowell,2
Erik Canuel,2
Audu Paden,2
Shin Won-ho,2
Dharmesh Darshan,2
Pierre Morel,2
Ian MacNaughton,2
Tigmanshu Dhulia,2
Tarek Al Eryan,2
Jon Garaño,2
Tony Scott,2
William Wyler,2
Andrew Niccol,2
Ksshitij Chaudhary,2
Adze Ugah,2
Daniel Stamm,2
Paco Plaza,2
Eric Radomski,2
Robert Zemeckis,2
Joyce Bernal,2
Steven C. Miller,2
Jay Chandrasekhar,2
Esteban Vidal,2
Nikhil Advani,2
Kunihiko Yuyama,2
Karen J. Lloyd,2
Les Mayfield,2
Vipul Amrutlal Shah,2
Luis Lopez,2
Ibrahim Bin Mohamed,2
Brad Bird,2
Andy Fickman,2
Keith Scholey,2
Stanley Tong,2
Parkpoom Wongpoom,2
Bonni Cohen,2
Tim Story,2
Peter Jackson,2
Kunal Kohli,2
Adam McKay,2
Michael Cuesta,2
Patrick Brice,2
Kyle Newacheck,2
Josh Safdie,2
Muharrem Gülmez,2
Susan Johnson,2
Iginio Straffi,2
Neil Jordan,2
Sridhar Rangayan,2
Mark Palansky,2
Mariano Cohn,2
Chad Van De Keere,2
Jill Bauer,2
Patricia Rozema,2
George C. Wolfe,2
Gus Van Sant,2
Wayne Blair,2
Rodrigo Van Der Put,2
Jonathan Mostow,2
Sachin,2
Jacob Kornbluth,2
Javier Ruiz Caldera,2
Everardo González,2
Nia Dinata,2
Simon J. Smith,2
Tsuyoshi Nakakuki,2
Kedar Shinde,2
Manolo Caro,2
Rian Johnson,2
Bill D'Elia,2
Heber Cannon,2
Girish Malik,2
Thierry Demaizière,2
Alexandre Avancini,2
Kasia Uscinska,2
James Ponsoldt,2
Jeremy Kenyon Lockyer Corbell,2
Hideaki Anno,2
Sam Taplin,2
Gregory Caruso,2
Nitesh Tiwari,2
Alex Díaz,2
Shakun Batra,2
Sean Cisterna,2
Jayson Thiessen,2
Tanuja Chandra,2
Scott Aukerman,2
Smeep Kang,2
Robin Swicord,2
Chris Bould,2
Nawapol Thamrongrattanarit,2
Soumendra Padhi,2
Duncan Jones,2
S.S. Wilson,2
James Bobin,2
James Yukich,2
Kareem Tabsch,2
David Fairhead,2
Claire Scanlon,2
David Paul Meyer,2
Thiru,2
Asghar Farhadi,2
Brian Klein,2
Alejandro Agresti,2
Damien O’Connor,2
Punit Malhotra,2
Reema Kagti,2
Eric Darnell,2
Chris Robinson,2
Ahmed Zain,2
Saratswadee Wongsomphet,2
April Mullen,1
Alejandro Hartmann,1
Abdul Aziz Hashad,1
Aleksey German,1
Wash Westmoreland,1
Bobby Roth,1
Jennifer Westcott,1
Surya S.J.,1
Jesús Magaña Vázquez,1
Gail Willumsen,1
John Milius,1
Rhiannon Bannenberg,1
Erol Özlevi,1
John Wells,1
Marc Francis,1
Sam Upton,1
Skye Borgman,1
Anthony Wonke,1
Danish Aslam,1
Peter Sattler,1
Van M. Pham,1
Mahin Ibrahim,1
Alana Waksman,1
Drea Cooper,1
Hang-Jun Jang,1
Mary Mazzio,1
Andy Caballero,1
Manjeet Singh,1
Joe Miale,1
Devaki Singh,1
Jitendra Tiwari,1
Ali Kalthami,1
Emilio Martínez Lázaro,1
Graham Phillips,1
Wong Kar Wai,1
Paulo Oriol,1
Greg Pritikin,1
Wouter Bouvijn,1
Pramod Pawar,1
Alejandro Martinez-Beltran,1
Gaby Dellal,1
Atul Malhotra,1
David Salzberg,1
Salima Koroma,1
B. Unnikrishnan,1
Alphonso J. Wesson,1
Frédéric Tonolli,1
Lauren Miller Rogen,1
Anthony Pierce,1
Lee Seung-won,1
Amandha Wyanto,1
Jim Stenstrum,1
Benny Fredman,1
Lester Hsi,1
Stacy Title,1
Jennifer Beamish,1
Jørgen Lerdam,1
Simon Frederick,1
Michael Kennedy,1
Pan Nalin,1
Kyle Newman,1
Daniel J. Clark,1
Jon Spira,1
Byun Hyuk,1
Seren Yüce,1
Pooja Bhatt,1
David Dietz,1
Dylan C. Brown,1
Phanindra Narsetti,1
Patrik Forsberg,1
Anand Kamalakar,1
Bolanle Austen-Peters,1
Simon Stone,1
Stephen Amezdroz,1
To-hoi Kong,1
Madonna,1
Geun-hyun Cho,1
Constance Marks,1
Michael Doneger,1
Timothy Ware-Hill,1
Zachary Heinzerling,1
Shagufta Rafique,1
Asri Bendacha,1
Wade Allain-Marcus,1
Michael Mayer,1
He Xiaofeng,1
Leïla Sy,1
Ofir Raul Graizer,1
Rodrigo Salomón,1
Ravishankar Venkateswaran,1
Ralph Macchio,1
Ísold Uggadóttir,1
Laura Alvea,1
Jody Lambert,1
Benoît Jacquot,1
Akhigbe Ilozobhie,1
Michał Tylka,1
Fouad Al Shatti,1
Kang Cheng,1
Raymie Muzquiz,1
Jijo Pancode,1
Terry Hughes,1
Shawn Crahan,1
Hatem Khraiche,1
Pawan Kripalani,1
Rowan Athale,1
Will Eubank,1
Mark Waters,1
Yvan Attal,1
Carlos Algara,1
Dan Kuenster,1
Harrison Smith,1
Jenny Carchman,1
David Palmer,1
Ti West,1
Michael Roberts,1
Jennifer Peedom,1
Syed Ahmed Shawki,1
Billy Bob Thornton,1
Zakariya,1
Meghan O'Hara,1
Chen Rong-hui,1
Chad Archibald,1
Matthew Robinson,1
Park In-je,1
Rajesh Ganguly,1
Paul Taublieb,1
Reem Kherici,1
Hasraf Dulull,1
Tomasz Mandes,1
Kenny Leon,1
Teddy Chan,1
Jason James,1
Anna Wieczur-Bluszcz,1
Desingh Periyasamy,1
Steven Gomez,1
Sabu Varghese,1
Kevin R. Adams,1
Kiki Goshay,1
Rushmore DeNooyer,1
Jasmine D'Souza,1
Seth Henrikson,1
Raman Kumar,1
Elliot Hegarty,1
Charles Gozali,1
Mark Osborne,1
Grant Korgan,1
Choi Jin-seong,1
Archie Borders,1
Ayaan Mukherji,1
Alo Sarkar,1
Louis Leterrier,1
Will Canon,1
Saeed Hamed,1
Alejandro Doria,1
Anders Sømme Hammer,1
Grant S. Johnson,1
Danny Leiner,1
Samit Basu,1
Atul Kale,1
Keiichi Hara,1
Atsajun Sattakovit,1
Jeon Go-woon,1
Hiroshi Aoyama,1
Raymond McGrath,1
Esteban Sapir,1
Alan Poul,1
Bauddhayan Mukherji,1
Michael Mazzola,1
Sophia Nahli Allison,1
Julien Christian Lutz,1
Dylan Southern,1
Joshua Caldwell,1
Awi Suryadi,1
Ron Krauss,1
Alice Rohrwacher,1
Jonathan Helpert,1
Chairun Nissa,1
Tianyu Zhao,1
Piti Jaturaphat,1
Sara Dosa,1
Paul Demeyer,1
Arthur Allan Seidelman,1
Daniel Scheinert,1
Hikari,1
Rachel Talalay,1
Chris Blake,1
Stephanie Zwane,1
Majid Majidi,1
Kevin Peaty,1
Stuart Baird,1
Olivia Newman,1
Michael Epstein,1
Dhilip Kumar,1
Syed Ahmad Afzal,1
Stephen Murray,1
Prabhuraj,1
Rajan Madhav,1
Kabir Khan,1
Coerte Voorhees,1
Brian O'Malley,1
Buzz Kulik,1
Jastis Arimba,1
Shazia Javed,1
Kazuya Murata,1
Gary Goldman,1
Tony Kaye,1
Jon Manning,1
Yandy Laurens,1
Austin Kolodney,1
Eric Bress,1
Ken Loach,1
Sergio Barrejón,1
Pa. Ranjith,1
Jonathan Taylor,1
Laxman Utekar,1
Vinod Kapri,1
Joseph Sargent,1
Tetsuo Yajima,1
Roy Burdine,1
Mir Mukarram Hossain,1
Yang Woo-seok,1
Brendan Malloy,1
Robert Eggers,1
Mukesh Vohra,1
John Sturges,1
Christian Tureaud,1
Barbra Streisand,1
Ben Younger,1
Artemis Joukowsky,1
Ángel Gómez Hernández,1
Tharun Bhascker,1
Jeff Deverett,1
Paul Miller,1
Keanu Reeves,1
Jacek Koprowicz,1
Nick Cassavetes,1
Peter Pardini,1
Tim Rouhana,1
C.J. Wallis,1
Marina Willer,1
M.S. Prem Nath,1
Robert Kouba,1
Kieran Darcy-Smith,1
Richard Claus,1
Yayo Herrero,1
Anthony Minghella,1
Stéphane de Freitas,1
Riccardo Milani,1
Mike Wiluan,1
Sam Patton,1
Patrik Syversen,1
Steve Race,1
Rachel Lears,1
Rob Silvestri,1
Santosh Manjrekar,1
Emcy Joseph,1
Gil Kenan,1
Ziggy Hofmeyr,1
Jagdeep Sidhu,1
Soukarya Ghosal,1
Jennifer Kaytin Robinson,1
Ludovic Bernard,1
Ahmed Saleh,1
Sara Colangelo,1
Jenner Furst,1
Mohammad Adel,1
Derek Hui,1
Eric Abrams,1
Christian Alvart,1
Charles A. Nichols,1
Cassia Dian,1
Arthur Muhammad,1
Yasuhiro Irie,1
Adam Bolt,1
Marty Callner,1
John Edginton,1
Benjamin Ree,1
Munish Bhardwaj,1
James Duffy,1
Abhijit Kokate,1
Elite Zexer,1
Daniel Oriahi,1
Mfanelo Ngoma,1
Raymond Wood,1
Uttung Shelar,1
Eva Trobisch,1
Julien War,1
María Jose Cuevas,1
Michael Kampa,1
Richard Laxton,1
Partho Mitra,1
Toshiyuki Tsuru,1
Alina Teodorescu,1
Nancy Schwartzman,1
Eric Aghimien,1
Shaad Ali,1
Richard Donner,1
Brian McGinn,1
Aaron Woodley,1
Galley Molina,1
John Patrick Shanley,1
John Trengove,1
Michael Anderson,1
George Miller,1
Takashi Doscher,1
Benson Lee,1
Daniel Sánchez Arévalo,1
Alex Israel,1
Georges Hachem,1
Navneet Behal,1
Jeremy David White,1
Neil Rawles,1
Beeban Kidron,1
Shaul Schwarz,1
Andrew Nackman,1
Christopher S. Rech,1
Robert Markowitz,1
Marianna Palka,1
Nisheeta Keni,1
Harjit Singh,1
Peter Mimi,1
Fernando Villena,1
Ali Bin Matar,1
Sudabeh Mortezai,1
Greta Gerwig,1
Nina Wels,1
Howard Zieff,1
Vijay Roche,1
James Franco,1
Michael Radford,1
Conor Allyn,1
Ashish R. Mohan,1
Natalie Portman,1
Hussein El Ansary,1
Carey McKenzie,1
Michael Feifer,1
Ousmane Ly,1
Denis Do,1
Manav Shah,1
John Woo,1
Sam Cullman,1
Allen Coulter,1
Natasha Lyonne,1
Renny Harlin,1
Marcos Carnevale,1
Reuben Atlas,1
Rob W. King,1
Cho Li,1
Michael Cumming,1
Castille Landon,1
Kevin Booth,1
Jason Kwan,1
Chuang Shiang-an,1
Tanuj Chopra,1
Malik Vitthal,1
Sandeep Reddy Vanga,1
Luke Snellin,1
Zach Clark,1
Natalia Valdebenito,1
Fernando Frías De La Parra,1
Kamal Sahani,1
Jevons Au,1
Amalie Næsby Fick,1
Stephen Chbosky,1
Mike Rohl,1
Elliott Lester,1
Raj Kaushal,1
Anna Stone,1
Thomas Carter,1
Tomas Brickhill,1
Hani Al-Shaibani,1
Joris Ivens,1
Everardo Gout,1
Dado C. Lumibao,1
Robbie Grewal,1
Roman Polanski,1
Andreas Prochaska,1
Ivan Ayr,1
Peter Mortimer,1
Charles Uwagbai,1
Pieter-Jan De Pue,1
Olivier Megaton,1
David L.G. Hughes,1
Scott Hussion,1
Caroline Suh,1
Michelle Caputo,1
Matt Bell,1
Yoshitaka Takeuchi,1
Gabriel Grieco,1
Amir Mohiuddin,1
Billy Ray,1
Hugo Stuven,1
Afonso Poyart,1
Dean Wellins,1
Sadeq Behbehani,1
Serdar Akar,1
Levan Tsikurishvili,1
Lawrence Cheng,1
Manish Saini,1
Hayden Schlossberg,1
Dustin Nguyen,1
Gerry Hoban,1
James Mangold,1
Muh Chen,1
Gavin O'Connor,1
K. Gopinathan,1
Fred Olen Ray,1
You-Jeong Chang,1
Brian Henson,1
Fred Durst,1
David Bruckner,1
Sidharth Malhotra,1
Florian Schott,1
Cavi Borges,1
Pavel Parkhomenko,1
Christian Charles,1
Sarah Gavron,1
David Pablos,1
Robert McCallum,1
Jennifer M. Kroot,1
Vijay Yelakanti,1
Shrihari Sathe,1
Richard Attenborough,1
Francisco Macri,1
Kees Van Oostrum,1
Leticia Jorge Romero,1
Charlie Vaughn,1
Marie Madinier,1
Bryn Evans,1
Sandra Restrepo,1
Francisco Schultz,1
Jon Olb,1
Pailin Wedel,1
Fernando Frías de la Parra,1
Sunao Katabuchi,1
Gulzar,1
Andy Delaney,1
Shashilal K. Nair,1
Songyos Sugmakanan,1
Kornél Mundruczó,1
Steve McLean,1
Pedro Flores Maldonado,1
Milind Dhaimade,1
Prentice Penny,1
Robert McCullough Jr.,1
Roman Coppola,1
José Eduardo Belmonte,1
Josh Wakely,1
Abdellatif Kechiche,1
Handan İpekçi,1
Katia Lund,1
Vishal Mishra,1
Robert Eagar,1
Suseenthiran,1
Serge Ou,1
Matthew McNeil,1
Emmanuel Mouret,1
Tom Donahue,1
James Gunn,1
Rebecca Addelman,1
Luis Javier Henaine,1
Irek Dobrowolski,1
Michael Buster,1
Nicolas Cotto,1
Tobe Hooper,1
Sherif Mandour,1
Khaled Youssef,1
Jacqui Morris,1
Rémy Four,1
Deane Taylor,1
Laurent Bouzereau,1
Christian Herrendoerfer,1
Noor Imran Mithu,1
Shammi Kapoor,1
Julia Hart,1
Moataz El Tony,1
Mikael Håfström,1
Han Han,1
Peter Webber,1
Akshay Akkineni,1
Ann Deborah Fishman,1
Tanawat Aiemjinda,1
Stephanie Soechtig,1
Yee Tung-Shing,1
Stephan Rick,1
Francisco D'Eufemia,1
Shaz Bennett,1
Todd Biermann,1
K.C. Bokadia,1
Dennis Iliadis,1
Richard Miron,1
Stacia Crawford,1
Rebecca Harrell Tickell,1
Shekhar Kapur,1
Benoît Philippon,1
Hayato Date,1
Jorge Granier,1
Anurag Singh,1
Matthew Cooke,1
Chester Tam,1
Dheeraj Berry,1
Azazel Jacobs,1
Marston Sawyers,1
Peter Facinelli,1
Levan Gabriadze,1
Aaron Nee,1
Lance Daly,1
Haoling Li,1
Alex Merkin,1
Dan Lucchesi,1
Jatla Siddartha,1
Terri Randall,1
Nacho G. Velilla,1
Gafoor Y. Elliyaas,1
Paritosh Painter,1
Abhishek Saxena,1
Akashdeep,1
Liu Jiang,1
Jean-Bernard Marlin,1
David Hebditch,1
Elsa Nakamichi,1
Bryan Singer,1
Lauren Hoekstra,1
Miriam Chandy Menacherry,1
Hany Motawie,1
David Serrano,1
Ishaan Trivedi,1
Diego Lerman,1
Chung Mong-hong,1
Franck Nataf,1
Daniel Goldhaber,1
Ross Venokur,1
Zack Whedon,1
Hèctor Hernández Vicens,1
Andrew Dean,1
Mauro Scandolari,1
Frank Paur,1
Joe Piscatella,1
Sigrid Andrea Bernardo,1
Rob Meyer,1
Filippo Gastaldi,1
Ashish R. Shukla,1
Jeffrey G. Hunt,1
James Haslam,1
Lena Khan,1
Otoja Abit,1
Jelle de Jonge,1
Michelle Esrick,1
Don Mancini,1
Milton Horowitz,1
Joann Sfar,1
Clint Butler,1
Kevin Bray,1
Murat Kepez,1
Elisabeth Vogler,1
Peter Sollett,1
Bent-Jorgen Perlmutt,1
Juan Pablo Buscarini,1
Melinda Janko,1
Jonnie Hughes,1
Troy Nixey,1
Che Sandoval,1
Robert Townsend,1
Adam B. Stein,1
Walter Taylaur,1
Kaila York,1
Dave Skinner,1
Aditya Vikram Sengupta,1
Andrew Goth,1
Linda Korsten,1
Meisa Felaroze,1
Matthew Shoychet,1
Joe Johnston,1
Joe Russo,1
Shadab Khan,1
Mark Dindal,1
Emma Hatherley,1
Joseduardo Giordano,1
Ari Levinson,1
Fumihiko Sori,1
Koichi Mashimo,1
Luis Javier M. Henaine,1
Johan Vorster,1
Mark Radice,1
Michael Seater,1
Amitabha Singh,1
Jon Izen,1
David Wain,1
Teo Konuralp,1
Brendon Marotta,1
Jeffrey Friedman,1
Armando Croda,1
José Luis Gutiérrez,1
Maxwell McGuire,1
Tomas Portella,1
Tony Stone,1
Ali Yorgancıoğlu,1
Jee-woon Kim,1
Marco Schnabel,1
Arie Azis,1
Alex Brewer,1
Nopparoj Chotmunkongsit,1
Vijay Kumar,1
Adam Davis,1
Stephen Gyllenhaal,1
Richard Phelan,1
Nattawut Poonpiriya,1
Julien Abraham,1
Rod Cabatana Marmol,1
Lasja Fauzia Susatyo,1
Philip Yung,1
Antongiulio Panizzi,1
R. Balki,1
Jason Orley,1
Andrew Loo,1
Moto Sakakibara,1
Dan Harris,1
Koji Morimoto,1
Shaina Allen,1
Mohammed El-Tahawy,1
Roger Gual,1
David de Vos,1
Fedor Lyass,1
Ken Kwapis,1
Andrew Jenks,1
Eondeok Han,1
Eric Laneuville,1
Jason Krawczyk,1
Ross R. Shuman,1
Stu Livingston,1
Nathan Morlando,1
Paul Berczeller,1
Varun Narvekar,1
David Cantolla,1
Malcolm D. Lee,1
Nic Mathieu,1
Mandeep Kumar,1
Christian Duguay,1
Madeleine Sami,1
Dito Montiel,1
Rob Burnett,1
Makoto Shinkai,1
Mark Columbus,1
Kevin Reynolds,1
Hashim Nadeem Khan,1
Sidheswar Shukla,1
Gupse Özay,1
Michael Jones,1
Nils Tavernier,1
Matthias Hoene,1
Dylan Bank,1
Sameer Sharma,1
Sam Taylor-Johnson,1
Bill Guttentag,1
Alberto Rodríguez,1
Suzanne Coote,1
Muhammad Fadl,1
Hugh Stewart,1
Daniel Yee Heng Chan,1
Seth Fuller,1
Rudge Campos,1
Tony Elliott,1
Vadim Jean,1
Toby Haynes,1
Onur Ünlü,1
Matt D'Avella,1
Dash Shaw,1
Devika Bhagat,1
Feroz,1
Richard E. Norman,1
Christophe Honoré,1
Sydney Sibilia,1
Manussa Vorasingha,1
Amar Kaushik,1
Elle-Máijá Tailfeathers,1
Maite Ruiz De Austri,1
Michael Barnett,1
Isaki Lacuesta,1
Frank Ariza,1
Anubhav Sinha,1
Vijay Kumar Arora,1
Matthew Salleh,1
Jack Starrett,1
Scott McAboy,1
Ferzan Özpetek,1
Sanjeev Gupta,1
Luca Vullo,1
Richard Gabai,1
Terrie Samundra,1
Tomm Moore,1
Jenna Laurenzo,1
Amarjit Virdi,1
Jacqueline Monetta,1
Carlos Sorín,1
Andrew Meier,1
Oren Peli,1
Motonori Sakakibara,1
René Pérez Joglar,1
Sebastian DiNatale,1
Colin Trevorrow,1
Nguyen Thanh Tung,1
Adam Alleca,1
Gillian Armstrong,1
Patricia Ferreira,1
Eddie Rosas,1
Han Yan,1
Samit Kakkad,1
Puri Jagannadh,1
Alexandra Dean,1
Ahmed Yousry,1
Steve Antin,1
Corbin Bernsen,1
Lucy van Beek,1
Yuki Yamato,1
Prasobh Vijayan,1
Bunmi Ajakaiye,1
Rayka Zehtabchi,1
Clementine Malpas,1
Max Martini,1
Matt Tyrnauer,1
Athiyan Athirai,1
Robert Smigel,1
Michael Fimognari,1
Jim Gable,1
David Johndrow,1
Mark O'Connor,1
Atul Sabharwal,1
Eric Stoltz,1
Chris McCoy,1
Hayao Miyazaki,1
Olaf de Fleur,1
Anthony Bell,1
Florian Schnell,1
Jill Culton,1
Guillermo Garcia,1
Cheewatan Pusitsuksa,1
Takanobu Mizuno,1
Jamie M. Dagg,1
Francis Ford Coppola,1
Bin Bunluerit,1
Sartaj Singh Pannu,1
Jeffrey Nachmanoff,1
Manoj Beedha,1
Sharon Grimberg,1
Çagan Irmak,1
Felipe Cano,1
Camilla Nielsson,1
Jonathan Baker,1
Johan Brisinger,1
Tim Johnson,1
Anthony Abrams,1
Raj B. Shetty,1
Matt Wechsler,1
Woo Min-ho,1
Aaron Moorhead,1
Raúl Arévalo,1
Theo Love,1
Gina Prince-Bythewood,1
Andy Goddard,1
Alex Ranarivelo,1
Arnon Manor,1
Philip Marlatt,1
Ben Young,1
Padraic McKinley,1
Lydia Tenaglia,1
Sergio Pablos,1
Michael Winnick,1
Josh Webber,1
Michael Ware,1
Ian MacAllister-McDonald,1
Julia Willoughby Nason,1
Odunlade Adekola,1
Benjamin Ross,1
Hayden Guppy,1
Josh Koury,1
Trisha Ziff,1
Tinge Krishnan,1
Darragh O'Connell,1
Marita Grabiak,1
Neil LaBute,1
Kiran Rao,1
Chris Moukarbel,1
Brett Harvey,1
Joel Oliansky,1
Hans Petter Moland,1
James Rogan,1
Glen Keane,1
Steven Zaillian,1
Brandon Oldenburg,1
Greg Strause,1
Greg Mottola,1
Rudradeep Bhattacharjee,1
Vibeke Idsøe,1
Brent Maddock,1
Michael Lennox,1
Seung-uk Jo,1
Peter Ho,1
Adam Bhala Lough,1
Trey Haley,1
Esteban Crespo,1
Gauravv K Chawla,1
Yann Gozlan,1
Elsa Flores Almaraz,1
Shivendra Singh Dungarpur,1
James Dearden,1
Maya Zinshtein,1
Jon Hurwitz,1
Donick Cary,1
Tom Gianas,1
Curro Velázquez,1
Stuart Orme,1
Lygia Barbosa da Silva,1
James Mather,1
Brian Knappenberger,1
Felix Chong,1
Mariana Tschudi,1
Paul Reubens,1
Roy Campanella II,1
Karl Mueller,1
Thiagarajan Kumararaja,1
Sukhbir Singh,1
Sean Baker,1
Randa Chahal Sabbag,1
Anne Fletcher,1
Vibhu Virender Puri,1
Joaquín Mazón,1
Vincenzo Natali,1
Rene Bueno,1
Eddie Mensore,1
Muhammad Ali,1
Greg Young,1
Golam Kibria Farooki,1
Monica Floyd,1
Hassan AbdulSalam,1
Adriana Trigiani,1
Deborah Kaplan,1
Santiago Diaz,1
Christian Gudegast,1
Andrés Couturier,1
Inas El-Degheidy,1
Jorge Hernandez Aldana,1
John Barnard,1
Adam Collins,1
Shubham Singh,1
Mat King,1
Kunal Deshmukh,1
Ramón Salazar,1
Michel Hazanavicius,1
Damien Chazelle,1
José Larraza,1
Josh Greenbaum,1
Param Gill,1
Cho Il,1
Bryce Wagoner,1
Rodrigo Reyes,1
Mariano Baez,1
Jon Alpert,1
Roger Donaldson,1
Alex Garland,1
Andaç Haznedaroğlu,1
Aadish Keluskar,1
Atharv Baluja,1
Zack Snyder,1
Jang Jae-hyun,1
Kiko Cruz Claverol,1
Giancarlo Esposito,1
Ed Lilly,1
Perry Lang,1
Fernando Moro,1
Francis Whately,1
André Odendaal,1
Yang Lei,1
Chris Miller,1
Adele K. Thomas,1
David Allensworth,1
Todd Phillips,1
Armando Iannucci,1
Nicole Holofcener,1
Lisa Cortés,1
David Shisgall,1
Claude Lelouch,1
Abel Ferrara,1
S.A. Zaidi,1
Takeru Nakajima,1
Matheus Souza,1
Raj Amit Kumar,1
Ally Pankiw,1
Shan Hua,1
Matthew Ross,1
Go Koga,1
Woo Ming Jin,1
Bob Odenkirk,1
Shin-yeon Won,1
Duncan McMath,1
Kelly Fremon Craig,1
Robert Cannan,1
Pass Patthanakumjon,1
Romain Gavras,1
Nick Simon,1
Marja Lewis Ryan,1
Avinash Das,1
Lonzo Nzekwe,1
Sabir Khan,1
Leung Lok Man,1
Dimitri Logothetis,1
Charneice Fox,1
Chandan Arora,1
Ritesh Batra,1
Sanjay Dayma,1
Sanjay Soorkar,1
Nuhash Humayun,1
Denis Hennelly,1
Tommy Avallone,1
Kirby Dick,1
Nuel Naval,1
Sue Kim,1
James Marsh,1
Susan Lambert,1
Rene Liu,1
Nottapon Boonprakob,1
Lisa Arnold,1
Courtney Hunt,1
Feng Xiaogang,1
Vikram Tanajirao Patil,1
Eugenio Derbez,1
Navjot Gulati,1
Arun Chidambaram,1
Wagner de Assis,1
Chang-Min Lee,1
Richard LaGravenese,1
Venugopan,1
Ana Lily Amirpour,1
Ravi Babu,1
Cody Cameron,1
Yuen Wo-Ping,1
Matt Shakman,1
Brett Whitcomb,1
Hong-seon Kim,1
Eric Drath,1
Julio Fernández Talamantes,1
Greg Barker,1
Andy Devonshire,1
Ahn Byoung-wook,1
Stefan Moore,1
Lauren MacMullan,1
Adam MacDonald,1
Jon Favreau,1
Amal Neerad,1
Mariano Barroso,1
Oliver Bokelberg,1
Roy Poortmans,1
Avinash Walzade,1
Nicholas Stoller,1
Ian Kirby,1
Jeff Garlin,1
Ranjit Tiwari,1
Chun Wong,1
Mangesh Hadawale,1
L. Frazier,1
John Dower,1
Chia Tang,1
Jen McGowan,1
Jason Moore,1
Tunde Apalowo,1
Curtis Hanson,1
Anthony Veiller,1
Sachin Kamlakar Khot,1
Jorge Michel Grau,1
Scott Martin,1
Bigflo & Oli,1
Isabel Coixet,1
Jean-Claude Flamand-Barny,1
John Butler,1
Rupert Jones,1
Pascal Blanchard,1
Jakob Verbruggen,1
Oded Raz,1
Anna Boden,1
Pieter Kuijpers,1
Joe Murray,1
Meshal Aljaser,1
Jan Komasa,1
Cole D. Pruitt,1
Lyric R. Cabral,1
Richard Mears,1
Phil Nibbelink,1
James Bamford,1
Prasanth Varma,1
Mahmoud Sabbagh,1
Pedro Kos,1
Ravi Jadhav,1
Gabriel Clarke,1
Rucha Humnabadkar,1
Justin Chon,1
Tim Van Someren,1
Theodore Witcher,1
Nishanth Ravindaran,1
Sam Irvin,1
Leslie Knott,1
Ian Nelms,1
Meng Hua Ho,1
Stuart Heisler,1
Leanne Gater,1
Barbara Białowąs,1
Vonda Harrell,1
Elvira Lind,1
Andrew Sandler,1
Sammaria Sari Simanjuntak,1
Rajesh Mapuskar,1
Ali Scher,1
B.N. Shajeer Sha,1
Matt Kay,1
Phil Burgers,1
Faisal al Amer,1
Maya Gallus,1
Craig Monahan,1
Krzysztof Zanussi,1
Derick Cabrido,1
Mick Grogan,1
Anna Migotto,1
Francesco Amato,1
Abhishek Varman,1
Mel Smith,1
Anneliese Vandenberg,1
Iñaki Dorronsoro,1
Lukas Dhont,1
Kim Jee-woon,1
Jordan Brady,1
Jon Turteltaub,1
Saket Chaudhary,1
Vijay Jayapal,1
Edgar Wright,1
Arjun Gourisaria,1
Brian Smith,1
Thurop Van Orman,1
Jonathan Sobol,1
Thomas Vinterberg,1
Monika Mitchell,1
Daniel Lee,1
Martin Hodara,1
Svetlana Cvetko,1
Ian Barber,1
Huang Jianming,1
Justin Kelly,1
Ashim Ahluwalia,1
John Upchurch,1
Rahul Ravindran,1
Juan Antin,1
Rethabile Ramaphakela,1
Jim Field Smith,1
John Luessenhop,1
Jim Henson,1
Mickey Liddell,1
Raam Reddy,1
Michelle Johnston,1
Sung-soo Kim,1
Gangadhar Salimath,1
Jake Paltrow,1
Ayush Raina,1
Kazuaki Kiriya,1
Amit Saxena,1
Noel Dockstader,1
Mandie Fletcher,1
Jorge Blanco,1
Kevan Peterson,1
Sean Hanish,1
Jeremiah Jones,1
Michael M. Scott,1
David Moreton,1
Hideki Futamura,1
Quinn Lasher,1
Ziga Virc,1
Eric Zaragosa,1
Zatella Beatty,1
Jeannie Gaffigan,1
Page Hurwitz,1
Dilip Mehta,1
Marco Dutra,1
Josh Alexander,1
Carlo Padial,1
Bronwen Hughes,1
Joshua Brown,1
Aaron Woolf,1
K. Rajagopal,1
Anthony Russo,1
Jason Sussberg,1
Jay Bulger,1
David Hunt,1
Gabe Turner,1
Johannes Roberts,1
Sittisiri Mongkolsiri,1
Buta Singh,1
Daniel Noah,1
Martin Rosete,1
Siu-hung Chung,1
David Schalko,1
Chanon Yingyong,1
Malik Bendjelloul,1
Gregg Bishop,1
Han Qing,1
Mimi Leder,1
Sunil Soraya,1
Max Pugh,1
Ryan Koo,1
Lijo Jose Pellissery,1
Andrew Sullivan,1
Craig Goodwill,1
Micah Bickham,1
Prawal Raman,1
Deepti Naval,1
Scott Mosier,1
Charles Walters,1
Navdeep Singh,1
David Raynr,1
Ben Bowie,1
Alejandro Ruax,1
Gilbert Chan,1
Sachin Kundalkar,1
Susan Glatzer,1
Jeff Tomsic,1
Christopher Miller,1
Anusha Rizvi,1
Dhanush,1
Paco Aguilar,1
Julius Avery,1
Kirk De Micco,1
Lone Scherfig,1
Manika Sharma,1
Joana Mazzucchelli,1
Paul Feig,1
Mario Van Peebles,1
David Felix Sutcliffe,1
Johnny Kevorkian,1
Hannes Stöhr,1
Karan Malhotra,1
Asim Abbasi,1
Ken Hughes,1
Kranti Kanade,1
Padraig Reynolds,1
Bruce Gowers,1
Tinu Pappachan,1
Keiichi Sato,1
Michael Paul Stephenson,1
Hong Won-ki,1
Hamad AlSarraf,1
Paul Brizzi,1
Datta Mohan Bhandare,1
Krishna D.K.,1
Joshua Oppenheimer,1
Rami Hachache,1
Renuka Shahane,1
Bharat Jain,1
Evan Spiridellis,1
Siddique,1
Riccardo Pilizzeri,1
Pablo Parés,1
Marcelo González,1
Kelly Noonan,1
Elizabeth Chai Vasarhelyi,1
Satyajit Bhatkal,1
Caio Cobra,1
Roger Graef,1
Isaac Rentz,1
Eduardo Casanova,1
Samuel Jouy,1
Ola Flyum,1
Sonia Lowman,1
Louis Pepe,1
Christian Desmares,1
Julian Jarrold,1
Mahmoud al Massad,1
Apurva Dhar Badgaiyann,1
Alexandros Avranas,1
Praveen Nischol,1
Mark Murphy,1
Amardeep Singh Gill,1
Sopon Sukdapisit,1
Jaki Bradley,1
Tom McGrath,1
Ayman Makram,1
Alexandre Heboyan,1
Krishna Agazzi,1
Bruno Stagnaro,1
Jeff Margolis,1
Mariano Mucci,1
Prabhu Deva,1
Yann Arthus-Bertrand,1
Satish Manwar,1
Mario Mattei,1
Steven R. Monroe,1
Kyle Rankin,1
Ian Daniel,1
Eric Goode,1
Greg Kohs,1
Onur Tukel,1
Saara Cantell,1
Johnny Martin,1
Christel Gibson,1
Paul Katis,1
Pulkit,1
William Monahan,1
Jennifer Morrison,1
Maria Sadowska,1
Myriam Aziza,1
Richard Michaels,1
Chris Burkard,1
David Marmor,1
Jason Winer,1
Michael Petroni,1
Yesim Ustaoglu,1
Kader Aoun,1
Yen Cheng-kuo,1
Beyoncé Knowles-Carter,1
David Gelb,1
Sanjay Gupta,1
Tathagata Banerjee,1
Oriol Paulo,1
Alfred Gimeno,1
Giulia Clark,1
Anil Sharma,1
Damien Leone,1
Brandon Dickerson,1
Sohail Tatari,1
Steve Hickner,1
Indrasis Acharya,1
Isabelle Nanty,1
John Bridcut,1
Benny Fine,1
Manbhavan Singh,1
Wim Wenders,1
Rahul Dholakia,1
Thom Zimny,1
Storm Saulter,1
Valli Bindana,1
Richard Shepard,1
Bassam Kurdali,1
Michael Whitton,1
John Hughes,1
Lee Fulkerson,1
Ananth Narayan Mahadevan,1
Amar Gupte,1
Li Pei-Chuan,1
Prem Soni,1
Fabio Guaglione,1
James Foley,1
Don Hardy Jr.,1
Wolfgang Petersen,1
Steve Rash,1
Dharmendra Suresh Desai,1
James Tovell,1
Gareth Sacala,1
Steven Rinella,1
Ram,1
Mark Herman,1
Santiago Alvarado Ilarri,1
Michael G. Kehoe,1
Olivier Nakache,1
Liao Shih-han,1
Oyefunke Fayoyin,1
Josh Aronson,1
Deep Joshi,1
Borja Cobeaga,1
Arne Birkenstock,1
Philipp Eichholtz,1
Ilya Naishuller,1
Aamir Bashir,1
Manish Tiwary,1
Freddie Waters,1
Joshua Tickell,1
Deepika Narayan Bhardwaj,1
Nabil Ayouch,1
Suman Ghosh,1
Vijay Maurya,1
Ekachai Uekrongtham,1
Rod Lurie,1
John Papola,1
Scott Christian Sava,1
Tamer Bassiouni,1
Jay Surridge,1
Cris D'Amato,1
Kate Horne,1
Naoto Amazutsumi,1
David Grossman,1
Danny Cannon,1
Laura Mañá,1
Law Wing-cheong,1
Sunil Kumar Agrawal,1
Justin McConnell,1
Sarah Moshman,1
Kanika Batra,1
Andrew Bujalski,1
Mostafa Abu Seif,1
Peter Nicks,1
Chi Keung Fung,1
Erik White,1
Kristina Goolsby,1
Buz Wallick,1
Vincent Kok,1
Mike Nicoll,1
Augusto Matte,1
Torquil Jones,1
Brendan Byrne,1
John Scheinfeld,1
Adam Wingard,1
Caradog W. James,1
Alan Mak,1
Joe Boyd,1
Nonzee Nimibutr,1
André D'Elia,1
Noah Moskin,1
Zhang Yimou,1
Evan Katz,1
Pat Healy,1
Michael Pressman,1
Blake Harris,1
Jeff Newitt,1
Na Hyeon,1
Jerry Kolber,1
Víctor García,1
Jeff Chan,1
Makoto Hanafusa,1
Sean Olson,1
Shadi Ali,1
P.K. Baaburaaj,1
Nandita Das,1
Shazia Ali Khan,1
Hari Viswanath,1
Amitava Bhattacharya,1
Raj Babu,1
Adam Larson Broder,1
Fernando Colomo,1
Emil Ben-Shimon,1
Jordi Llompart,1
Su I-Hsuan,1
Kubilay Sarikaya,1
Mario Rouleau,1
Jérémy Clapin,1
Michael Socha,1
Clive Tonge,1
Gaspar Antillo,1
Norberto López Amado,1
Kenneth Müller,1
Daniel Effiong,1
Richard Kelly,1
Éric Toledano,1
Edoardo Ponti,1
Marco Bonfanti,1
Alan J. Pakula,1
Adam Smith,1
Karan Anshuman,1
Xavier Gens,1
Xu Zhang,1
Halder Gomes,1
Vince Gilligan,1
Saurabh Kabra,1
Sabal Singh Shekawat,1
Raj Kanwar,1
Lee Jeong-beom,1
Brian Webber,1
So Yong Kim,1
Nathan Wiley,1
Ui-seok Jo,1
Jaivi Dhanda,1
Sudha Kongara,1
Spencer Williams,1
Cüneyt Kaya,1
Ringo Lam,1
Saul Dibb,1
Richard Ladkani,1
Rob Smat,1
Jonathan Augustin,1
Erik Ewers,1
Ian Cheney,1
Sebastián Hofmann,1
David Galán Galindo,1
Farjad Nabi,1
Erik Nelson,1
Samar Shaikh,1
Todd Haynes,1
Bernardo Arellano,1
Daniel Raim,1
Rai Yuvraj Bains,1
Akihiko Yamashita,1
Anant Balani,1
Jathin Sanker Raj,1
Reinhard Klooss,1
Ginny Mohler,1
Jeremy Coon,1
Sergei Bodrov,1
Björn Stein,1
Gaurav Narayanan,1
Michael Barrett,1
Taki Oldham,1
Raz Degan,1
Sibusiso Khuzwayo,1
Ben Brewer,1
Andrew J. Smith,1
Brittany Andrews,1
Mike Doyle,1
Sarik Andreasyan,1
Agnidev Chatterjee,1
Will Lowell,1
Colin Teague,1
Hiroshi Yamazaki,1
Thor Freudenthal,1
Chris Sparling,1
Luke Radford,1
Bhagyaraj,1
Eric Schlosser,1
Dan Forgione,1
Jeremy Seifert,1
Will Eisenberg,1
Kevin Derek,1
Gary Michael Schultz,1
Jennifer Phang,1
David Morris,1
Perci Intalan,1
Cary Murnion,1
Matt Piedmont,1
Phil Joanou,1
Doug Lefler,1
Kevin Pang,1
Nicholas McCarthy,1
Bill Plympton,1
Gary Fleder,1
Alex Parkinson,1
Kristine Samuelson,1
Christian Ditter,1
Obaid Alhmoudi,1
Liv Ullmann,1
Luis Alfaro,1
Navinder Pal Singh,1
Kevin Hooks,1
John L. Spencer,1
Alejandra Márquez Abella,1
Tanwarin Sukkhapisit,1
Jean-Pierre Dardenne,1
Chris Weitz,1
Shelly Chopra Dhar,1
Adam Darke,1
David Silberg,1
Jay Baruchel,1
Abhay Chopra,1
Colin Dench,1
Angshuman Ghosh,1
Richard Greenberg,1
Tomer Heymann,1
Stuart Sender,1
Álvaro Delgado-Aparicio L.,1
Corey Grant,1
Sumit Das,1
Laïla Marrakchi,1
Hao Wu,1
Enrique García Meza,1
Adam Del Giudice,1
Hoyt Yeatman,1
Sathyan Anthikad,1
James Spinney,1
Karan Lalit Butani,1
Måns Mårlind,1
Dorian Fernández-Moris,1
Norm Hiscock,1
Sanjay Patel,1
Haruka Fujita,1
Robbie Countryman,1
Sneha Taurani,1
Benjamin Arfmann,1
Tony Giglio,1
Bo Welch,1
Lucky Kuswandi,1
C. Fitz,1
Deniz Gamze Ergüven,1
Lars Klevberg,1
Alan Hicks,1
Linda Saffire,1
Gabriel Sabloff,1
Natalia Garagiola,1
Scott Walker,1
Bryan Bertino,1
Alison MacLean,1
Farishad I. Latjuba,1
Todor Chapkanov,1
Marc Fouchard,1
Henrik Martin Dahlsbakken,1
Anders Falck,1
Ben Patterson,1
Gaurav Bavdankar,1
Axelle Laffont,1
Glen Goei,1
V. Scott Balcerek,1
Ahmed Medhat,1
Erich Sturm,1
Arati Kadav,1
Aaron Hann,1
M.J. Isakson,1
Selima Taibi,1
Jan-Peter Horns,1
Sohail Khan,1
Liu Jie,1
Abbas Mustan,1
James Sweeney,1
Kasper Barfoed,1
Bagus Bramanti,1
Rob Zombie,1
Ruben Fleischer,1
Gervasio Iglesias,1
Gil Baroni,1
Dave Patten,1
Emily Hagins,1
Digo Ricio,1
Nanette Burstein,1
Greg Richardson,1
Ira Sachs,1
Debamitra Biswal,1
Suhas Kadav,1
Diego Cohen,1
Limbert Fabian,1
J.M. Berrios,1
Bradley Walsh,1
Will Lockhart,1
Brie Larson,1
Olivier Roland,1
Jérémie Levypon,1
David Alvarado,1
July Hygreck,1
Madeleine Gavin,1
Frederick Cipoletti,1
Seiji Mizushima,1
Yasushi Kawamura,1
Michael A. Nickles,1
Jimmy Henderson,1
Lô Politi,1
Jeffrey W. Byrd,1
Nanfu Wang,1
Franck Phelizon,1
Lenny Abrahamson,1
Geoff Anderson,1
Christopher Murray,1
Jon Gunn,1
Gideon Raff,1
Wim Bonte,1
Pavel Kostomarov,1
Victor Gatonye,1
Brad Silberling,1
Kwabena Gyansah,1
Adam Wood,1
Steve Boettcher,1
Alexander Nevsky,1
Chris Williams,1
Kitty Green,1
Tom Holland,1
Eric Notarnicola,1
Matt Eskandari,1
Brodje Wemboendja,1
Jean-François Blais,1
Barbara Kopple,1
Peter Fison,1
Héctor Gálvez,1
Shinji Takagi,1
Roger Russell,1
Chapman Way,1
Maclain Way,1
Ron Clements,1
Tamta Gabrichidze,1
Kyoko Miyake,1
Sabrina Rochelle Kalangie,1
Sandeep Chatterjee,1
John Curran,1
Javier Colinas,1
Julius R. Nasso,1
Alethea Jones,1
Bob Rose,1
Guy Vasilovich,1
Puneet Khanna,1
Lucien Jean-Baptiste,1
Tugçe Soysop,1
Mansore,1
Chad L. Scheifele,1
Dylan Howitt,1
Vipin Parashar,1
Nancy Meyers,1
Floria Sigismondi,1
Russell Crowe,1
Oliver Daly,1
Fuwad Khan,1
Trudie Styler,1
Raj Khosla,1
Patrick Graham,1
Francis Lee,1
Jon Schnitzer,1
Robert C. Ramirez,1
Craig Freimond,1
Pablo Lejarreta,1
Jonathan van Tulleken,1
Faraday Okoro,1
Robiul Alam Robi,1
Katherine Dieckmann,1
Michael Steiner,1
Albert Sharpe,1
Sabina Fedeli,1
Garin Nugroho,1
Reiner Holzemer,1
Valeria Golino,1
Akhil Paul,1
Neslihan Yesilyurt,1
Jadesola Osiberu,1
Soham Shah,1
Steven Fine,1
Debaloy Dey,1
Aaron Burns,1
Geoff Luck,1
Kelly Reichardt,1
Peter Yost,1
Mark Sloper,1
Sue Ding,1
Johnny To,1
Matt Angel,1
Shikha Makan,1
Almunsif Alsuwaisi,1
Pablo Martin Farina,1
Lionel C. Martin,1
Fernando Sariñana,1
Victor Dal Chele,1
Barry Jenkins,1
Waymon Boone,1
Ben Pluimer,1
Richard Correll,1
Srivinay Salian,1
Philippe Falardeau,1
Greg McLean,1
Kazuya Tsurumaki,1
Karim Amer,1
Jim Strouse,1
Dennis Rovira van Boekholt,1
Karen Moncrieff,1
Nick Davis,1
Juan Zapata,1
Kheiron,1
Katherine Fairfax Wright,1
Safdar Rahman,1
Rob Epstein,1
Paul Urkijo Alijo,1
Felix Binder,1
Krish,1
Javier Calvo,1
Ravikanth Perepu,1
Parker Phillips,1
Lukasz Kosmicki,1
Toby Trackman,1
Tiffanie Hsu,1
John Suits,1
Trey Nelson,1
Charlie Siskel,1
Brandon Camp,1
Emanuel Hoss-Desmarais,1
John Crowley,1
Emir Kusturica,1
Leslye Davis,1
Unjoo Moon,1
Tim Bartley,1
Hari Nath,1
Christopher Caldwell,1
Honey Trehan,1
Sam Dunn,1
Balu Mahendra,1
Michael Pitiot,1
Jackie van Beek,1
Antonio Chavarrías,1
Julius Onah,1
Michael Duggan,1
Mads Matthiesen,1
Samu Fuentes,1
Cosmo Feilding-Mellen,1
Simon Napier-Bell,1
Yibrán Asuad,1
Anthony Lucero,1
Kyung Ho Lee,1
Kimo Stamboel,1
Andrew Stanton,1
Phil Morrison,1
Rana Eid,1
David L. Cunningham,1
Hajime Sasaki,1
Andrew Douglas,1
Yoav Paz,1
Kasra Farahani,1
Michel Gondry,1
Michael Apted,1
Li Jun,1
Tom Tykwer,1
Mark Lewis,1
Harshavardhan Kulkarni,1
Nina Paley,1
Jessica Yu,1
Mark Ritchie,1
Jason Cohen,1
Jeffrey C. Bell,1
Elías León,1
Filip Renc,1
Jesse Johnson,1
Fritz Ofner,1
Hernán Guerschuny,1
Zeke Norton,1
Jarand Herdal,1
Neil Triffett,1
Doesjka van Hoogdalem,1
Anindya Chatterjee,1
Tim Hill,1
Ramez Silyan,1
Isabel Sandoval,1
Syamsul Yusof,1
Zeek Earl,1
David LaChapelle,1
Jeeva,1
Phil Sgriccia,1
Vijay,1
Marcel Barrena,1
Victor Zarcoff,1
Brett Donowho,1
Dawn Porter,1
Jaime Rayo,1
Clay Porter,1
Cory Edwards,1
Mrighdeep Singh Lamba,1
Marty Stalker,1
Rodolphe Guenoden,1
Mohd Khairul Azri Bin Md Noor,1
Shreyas Talpade,1
Fabio Grassadonia,1
Lee Chung-hyun,1
Andreas Pichler,1
Peter Tsi,1
Mark Williams,1
Dava Whisenant,1
Vanessa Roth,1
Ramesh Talwar,1
Sebastian Gutierrez,1
Zach Lipovsky,1
Anél Stolp,1
Lai Chun-yu,1
Riki Lindhome,1
Eric Juhola,1
Michael Govier,1
Christopher Martin,1
Alik Sakharov,1
Craig Elrod,1
Ildiko Enyedi,1
Saravana Rajan,1
Antonio Piazza,1
Kavi Raz,1
Jason Zada,1
Tony Datis,1
Junichi Sato,1
Amman Abbasi,1
Tony Zierra,1
Joanna Lombardi,1
Jonathan Hensleigh,1
Sunkanmi Adebayo,1
Samir Soni,1
Richard Maurice,1
Michael Larnell,1
Sean Anders,1
Michel Tikhomiroff,1
Stefan Aust,1
Joel Crawford,1
Francesco Lettieri,1
Coodie,1
Jim Hosking,1
Chandrakant Kanse,1
Julio Soto Gurpide,1
Antonio Morabito,1
Travis Stevens,1
Shanker Raman,1
Gary Shore,1
Chris Nahon,1
Ted Geoghegan,1
Mike Fetterly,1
George Stevens,1
Mark Franchetti,1
Ali Samadi Ahadi,1
Akshay Shankar,1
Liam Lynch,1
Jay Chou,1
Sharmeen Obaid-Chinoy,1
Jesse Warn,1
Yacine Belhousse,1
Will Becher,1
Jerry G. Angelo,1
Naman Nitin Mukesh,1
Noushad,1
Katherine Brooks,1
Callie Khouri,1
Paween Purikitpanya,1
Mehdi Idir,1
Aamir Khan,1
Brian Niles,1
Simranjit Singh Hundal,1
Abhijeet Deshpande,1
Felix van Groeningen,1
Frank O'Connor,1
Koji Sawai,1
Lindsey Cordero,1
Dean Craig,1
Carlos Morett,1
Sarah Holt,1
Simon Rumley,1
Gabe Klinger,1
Akiva Goldsman,1
Eric Bross,1
Chris Bouchard,1
Sam Hobkinson,1
Stephen Donnelly,1
Carla Barros,1
Jenny Gage,1
Adam Dubin,1
Supavitra Babul,1
Joe Roth,1
Takashi Yamazaki,1
Rodrigo Eba,1
Justin Bare,1
Aniedi Anwah,1
Kranti Redkar,1
Nikkhil Advani,1
Thomas Sieben,1
Nicolás Silbert,1
Jun-seong Kim,1
Narendra Nath,1
Lea Glob,1
John Hoffman,1
Katleho Ramaphakela,1
Elisa Fuksas,1
Frank Simon,1
Frant Gwo,1
Ashley York,1
Phil Roman,1
Nicanor Loreti,1
Jean-Patrick Benes,1
Gayane Petrosyan,1
Olav Njaastad,1
Adam Nimoy,1
Will McCormack,1
Karey Kirkpatrick,1
Stephen S. Campanelli,1
Jacob Schwab,1
Regina Welker,1
Anand Tucker,1
Lenin Bharathi,1
Kitaro Kosaka,1
Andres Clariond,1
Pierre Coré,1
Alex Holmes,1
Partho Sen-Gupta,1
Ibai Abad,1
Raffi Ahmad,1
Naresh Saigal,1
Craig Johnson,1
Jenny Popplewell,1
A. Raajdheep,1
David Chirchirillo,1
Jorge M. Fontana,1
John Smithson,1
David Batra,1
Biyi Bandele,1
Toshiyuki Kanno,1
Sajid Khan,1
Shamzu Zayba,1
Koichi Sakamoto,1
Chris Columbus,1
Andrew Mogel,1
Luis Estrada,1
Daniel Benmayor,1
Bilal Lashari,1
Max Joseph,1
Rohit Mittal,1
Prakash Kunte,1
Kyle Balda,1
Joseph Mbah,1
Fred M. Wilcox,1
Cal Saville,1
Joshua Z. Weinstein,1
Anil Thomas,1
Lee Eung-bok,1
Graham Townsley,1
Amol Palekar,1
Bhavin Wadia,1
Victor Cook,1
Dan Kwan,1
Maria Burton,1
Midhun Manuel Thomas,1
Manmohan Desai,1
Ken Barbet,1
Naya Anindita,1
Lucien Bourjeily,1
Shashank Khaitan,1
Nora Ephron,1
Pedring A. Lopez,1
Mina Shum,1
Lotje Sodderland,1
Mike Myhre,1
Paula Apsell,1
Heitor Dhalia,1
Nzingha Stewart,1
Igor Kovalyov,1
Greg Tiernan,1
Jon Freeman,1
Udai Singh Pawar,1
Mati Diop,1
Ertanto Robby Soediskam,1
Bradley Parker,1
Salmeen AlMurry Amer,1
Célia Catunda,1
Fab Five Freddie,1
Andrew C. Erin,1
Christophe Charrier,1
Sam Loh,1
Ashraf Fayeq,1
Hua Shan,1
Nick Gomez,1
Sarthak Dasgupta,1
Simon Curtis,1
Doug Hamilton,1
Kabir Bhatia,1
Ranjit Jeyakodi,1
William Bindley,1
Martha Coolidge,1
Almudena Carracedo,1
Emmett Malloy,1
Brian Baugh,1
YC Tom Lee,1
P.T. Kunju Muhammad,1
Mark Henn,1
Jack Zagha Kababie,1
Olly Reid,1
Santwana Bardoloi,1
Ramzy Bedia,1
Anne Fontaine,1
Ashwiny Iyer Tiwari,1
Jesse Handsher,1
Adam Marino,1
Jasbir Bijendra Bhati,1
Hark Tsui,1
Laura VanZee Taylor,1
Michael Gallagher,1
Rahat Kazmi,1
Nathan Landeg,1
Chad Hartigan,1
Llewellyn M. Smith,1
Colin Strause,1
Tom McCarthy,1
Carles Torras,1
Jean-Pierre Devillers,1
Brett Hedlund,1
Óskar Thór Axelsson,1
Mike McCoy,1
Carlos Marques-Marcet,1
Ajay Bahl,1
Kaizad Gustad,1
Maha Venkatesh,1
Faozan Rizal,1
Jocelyn Moorhouse,1
Saji Surendran,1
Will Forbes,1
David Benioff,1
Nicholas de Pencier,1
Anik Datta,1
Kim Jong-kwan,1
Masaru Matsumoto,1
Kevin Lima,1
Nathan Ives,1
Kevin Pollak,1
Roger Young,1
Raja Menon,1
Nishil Sheth,1
Nicholas Hytner,1
Charles Martin Smith,1
KVR Mahendra,1
Hasan Aljaberi,1
Timo Vuorensola,1
Heather Walsh,1
Tom Green,1
Shweta Basu Prasad,1
Alexander Smith,1
Smriti Keshari,1
John Mitchell,1
Bruce Robinson,1
Rebecca Chaiklin,1
Thomas Sorriaux,1
Volker Weicker,1
Ippsie Jones,1
Amin Dora,1
Joseph Chou,1
Rakesh Mehta,1
Juan Carlos Rulfo,1
Fabrice Du Welz,1
Jon Avnet,1
Raj N. Sippy,1
Alison E. Rose,1
Jumpei Mizusaki,1
André Øvredal,1
John Stephenson,1
Louie Psihoyos,1
Doron Paz,1
Shree Narayan Singh,1
Marina Zenovich,1
Hallvard Bræin,1
Maria Pulera,1
Caryn Waechter,1
Bruno Ascenzo,1
Kathryn Bigelow,1
Emmanuel Amara,1
Nicholas Winter,1
Brian A. Miller,1
Christian E. Christiansen,1
Robert Schwentke,1
Ellen Brown,1
Roland Emmerich,1
Cate Shortland,1
Umer Adil,1
Chris Rock,1
Lucas Figueroa,1
Andrew Renzi,1
Remi Weekes,1
Neil Armfield,1
Alex Richanbach,1
Eric Summer,1
RZA,1
Bruce Sinofsky,1
Andy Capper,1
Allan Jacobsen,1
Alfonso Cortés-Cavanillas,1
Mohamed Mostafa,1
Carlos Pérez Osorio,1
Hidetaka Inazuka,1
Baltasar Kormákur,1
Ry Russo-Young,1
Paul Haggis,1
Alankrita Shrivastava,1
Joel Gallen,1
Ajay Phansekar,1
Robi Michael,1
Trey Borzillieri,1
Aytaç Ağırlar,1
Felix Thompson,1
Amaan Khan,1
Alessandro Pepe,1
Alfonso Rodríguez,1
Michael James Regan,1
Damon Cardasis,1
Archie Hekagery,1
Federico D'Alessandro,1
Patrice Laliberté,1
Kepa Sojo,1
Chen Kuan-chung,1
Trent Haaga,1
Clovis Cornillac,1
Aaron Hancox,1
Mag Hsu,1
Wojciech Marczewski,1
Hitoshi Namba,1
Austin Peck,1
Harvey Glazer,1
Shojiro Nishimi,1
Carlos Vermut,1
Samar Khan,1
Tanvir Ahsan,1
Thomas Meadmore,1
Stefano Lodovichi,1
Christina Clusiau,1
Franck Ekinci,1
Jean-Marc Vallée,1
Krysia Plonka,1
Tinnu Anand,1
Osman Ali,1
Olivier Jean-Marie,1
Luis A. Scalella,1
Ariel Boles,1
Kuntz Agus,1
Bob Nelson,1
Alice Wu,1
Antonin Baudry,1
Peter Svatek,1
Álvaro Longoria,1
Meenu Gaur,1
James L. Brooks,1
Lonny Price,1
Liam O'Donnell,1
Debbie Allen,1
Tristan Ferland Milewski,1
Akiyuki Shinbo,1
Partho Ghosh,1
Vijay Lalwani,1
David Blair,1
Michael John Warren,1
Rich Moore,1
Grant Singer,1
Shonali Bose,1
Victoria Bromley,1
Peter Foott,1
Ben Foster,1
Sorin Dan Mihalcescu,1
Kike Maíllo,1
Faraz Haider,1
Katarina Launing,1
Raúl Campos Delgado,1
Mario Miscione,1
Johnson Esthappan,1
Jesse Allain-Marcus,1
Vetrimaaran,1
Noël Wells,1
Dileep Narayanan,1
Ramiro Martínez,1
Benjamin Dickinson,1
Ketche,1
Pranav Singh,1
Julien Rambaldi,1
Chiwetel Ejiofor,1
Phyllida Lloyd,1
Dennis Scholl,1
Gary Stretch,1
Terry Loane,1
Tim Blake Nelson,1
J.F. Musial,1
Lee Chang-dong,1
Daniele Thompson,1
Luciano Vidigal,1
LP,1
Simon Verhoeven,1
Vishnu Govindhan,1
Sébastien Betbeder,1
J. Davis,1
Jacques Cluzaud,1
John Lyde,1
Stig Bergqvist,1
Akira Saitoh,1
Jeremiah Zagar,1
Chike,1
Cary Joji Fukunaga,1
Ridley Scott,1
Matt Palmer,1
Kubhaer T. Jethwani,1
Pablo Aulita,1
Rich Ragsdale,1
Louie Gibson,1
Ana Kokkinos,1
Joachim Fest,1
Christopher Ray,1
Stefano Sollima,1
Steve Barron,1
John Kahrs,1
Haissam Hussain,1
John Sanford,1
Harry Bradbeer,1
Mamat Khalid,1
Radhu Karmakar,1
Mandla Dube,1
Antonio Díaz,1
Joe Menendez,1
Billy Corben,1
Syed Saleh Ahmed Sobhan,1
Chris Sanders,1
Hugh WIlson,1
Joel Schumacher,1
Dejan Zečević,1
Roy Boulting,1
Erik Kling,1
Richard Brooks,1
Umut Aral,1
Joan C. Gratz,1
Lorene Machado,1
Mohammed Hussain,1
Roberto Girault Facha,1
Geetu Mohandas,1
Rita Coburn Whack,1
Sean Foley,1
Ravi Udyawar,1
Rodrigo Triana,1
Tamara Jenkins,1
Peter Howitt,1
Pavitra Chalam,1
Joe Mantello,1
Manuel Martín Cuenca,1
William Eubank,1
James Watkins,1
Mark Zwonitzer,1
Daniel Camenisch,1
Sydney Freeland,1
K. Subhash,1
Jason Spingarn-Koff,1
Pawan K Shrivastava,1
Ben Palmer,1
James Reed,1
Tom Stubberfield,1
Ariel Schulman,1
Biodun Stephen,1
Gurudev Bhalla,1
Robert Tate,1
Dirk Laabs,1
David Koepp,1
Gabe Ibáñez,1
Susanne Bier,1
Norihisa Hiranuma,1
Luke Jurevicius,1
Sally Potter,1
Santram Varma,1
Amro Salah,1
DJ Chen,1
Chris Kelly,1
Andrea Molaioli,1
Milind Rau,1
Shanavas K. Bavakutty,1
Jung Ji-woo,1
Tom Barton-Humphreys,1
Eva Vives,1
Felix Van Groeningen,1
Vivek Agnihotri,1
Jon YonKondy,1
Afia Nathaniel,1
Dennis Widmyer,1
Jim Mickle,1
Pablo Giorgelli,1
Dan Fraga,1
Carol Reed,1
Halitha Shameem,1
Julia Knowles,1
Bob Persichetti,1
Sian Heder,1
Tommy O'Haver,1
Jake Szymanski,1
Robert Bahar,1
Nicolas Brossette,1
Anita Udeep,1
Cheang Pou Soi,1
Venky Kudumula,1
Lin Oeding,1
Edward Zwick,1
Catrin Einhorn,1
Jon Carey,1
Anjali Nayar,1
Alexandre Aja,1
Puneet Sira,1
Sridhar Jetty,1
Ben C. Lucas,1
Raphael Erichsen,1
Ehtesham Uddin,1
Jonathan Ignatius Green,1
Chayanop Boonprakob,1
Mohammed Alhmly,1
Luc Besson,1
Pietro Scappini,1
Mark Neveldine,1
Marina Seresesky,1
Joe Robert Cole,1
Wilson Coneybeare,1
Sushrut Jain,1
Philippa Lowthorpe,1
Michael Thelin,1
Mike Disa,1
Charles Officer,1
Michael Bonfiglio,1
Jayan Vannery,1
Binu Ulahhannan,1
Paul Spurrier,1
Merawi Gerima,1
Sujeeth,1
Joe Nussbaum,1
N.D. Wilson,1
Jordan Ross,1
Wally Pfister,1
Nizar Shafi,1
Steve Gukas,1
Maïwenn,1
Keith Malloy,1
Kiko Mistrorigo,1
Xiaoxing Yi,1
Mark McQueen,1
Jacques Perrin,1
Stijn Verlinde,1
Uwe Boll,1
Kenzo Maihara,1
Alexx Media,1
Scot Armstrong,1
Anthony Caronna,1
Jenée LaMarque,1
Radha Blank,1
Chi Fat Chan,1
Adam Nee,1
Gavin Fitzgerald,1
Saandeep Patel,1
Claude Barras,1
Shamyl Othman,1
Sam O'Steen,1
Reijer Zwaan,1
Keerthi,1
Marc Meyers,1
Tomotaka Shibayama,1
Yoshiyuki Okada,1
Maïmouna Doucouré,1
Andrew Slater,1
Alex Burunova,1
Olivier Afonso,1
John Whitesell,1
Uraaz Bahl,1
Vic Armstrong,1
Kirk Wolfinger,1
Tom Whitter,1
Lars Büchel,1
Sylvie Verheyde,1
Vicky Wight,1
Isa Campo,1
Vicente Villanueva,1
Mike Gabriel,1
Éric Judor,1
Louise Alston,1
David Stubbs,1
Woody Allen,1
Johnny Breedt,1
Dan Krauss,1
Sudhanshu Saria,1
Marlene Melchior,1
Mehmet Ada Öztekin,1
Bruce McCulloch,1
John Rice,1
Mark Dennis,1
Ron Underwood,1
Alan Rickman,1
John Murlowski,1
Sırrı Süreyya Önder,1
Nam Ron,1
Chris Foggin,1
Shawn Arranha,1
Karan Shivajirao Chavan,1
Young Jun Lee,1
Mario Cambi,1
Monty Whitebloom,1
Simon Gross,1
Denny Lu,1
Alessio Cremonini,1
Nicolas Winding Refn,1
Gautham Vasudev Menon,1
Atanu Mukherjee,1
Garry Marshall,1
Chatchai Katenut,1
Arthell Isom,1
Måns Herngren,1
David Leveaux,1
Mariah Moore,1
Ellena Wood,1
Daniel Burman,1
Pradeep Verma,1
Manu Ashokan,1
Takeshi Fukunaga,1
Wi Ding Ho,1
Daniel DiMauro,1
Tomoki Kyoda,1
John Irvin,1
Diego Corsini,1
Sushil Majumdar,1
Alma Har'el,1
Guillaume Renard,1
Matthew Michael Carnahan,1
Sivaroj Kongsakul,1
Jon J. Whelan,1
Justin Benson,1
Jennifer Lee,1
Patrick Osborne,1
Fluvio Iannuci,1
Aubrey Powell,1
Basava Shankar Eeday,1
James D. Stern,1
Ole Bornedal,1
Alejandro Lozano,1
Damien Piscarel,1
Jim Monaco,1
Pradip Kurbah,1
Vignesh Shivan,1
Alex Infascelli,1
Nora Fingscheidt,1
Albert Hughes,1
Allen Hughes,1
Bryan Buckley,1
Philip G. Atwell,1
Karan Bali,1
Alejandro G. Iñárritu,1
Mike Binder,1
Jos Humphrey,1
Gurvinder Singh,1
Mercedes Cordova,1
Deepa Mehta,1
Jeremy Konner,1
Takuya Inaba,1
Walerian Borowczyk,1
Yusuf Pirhasan,1
Michael Steed,1
Don Omope,1
Maya Forbes,1
David Soren,1
Kevin Ko,1
Jim Fall,1
Viju Mane,1
Pia Sukanya,1
Gerard Barrett,1
Jedd Wider,1
Numa Perrier,1
Pepe Mora,1
D.B. Weiss,1
David Wnendt,1
Ahmad Samir Farag,1
Rob Marshall,1
Bob Hercules,1
Jesse Peretz,1
Yuki Tanada,1
Josh Lowell,1
Kevin Donovan,1
Kushal Srivastava,1
Arthur Penn,1
Tamas Yvan Topolanszky,1
Clay Staub,1
Olivia Milch,1
K. Ramanlal,1
Sanjay Leela Bhansali,1
Raj R,1
Andrés Feddersen,1
Hirotsugu Kawasaki,1
Roman Gackowski,1
Guillermo de Oliveira,1
Philip Barantini,1
Pedro Coutinho,1
Lorena Munoz,1
Francesco Carrozzini,1
Mathieu Kassovitz,1
Max McGill,1
Vineeth Anil,1
Avgousta Zourelidi,1
Amit Rai,1
Rahat Rahman,1
Cecilia Atán,1
Kalvadour Peterson,1
Brandon Kimber,1
Vikram Gandhi,1
Zackary Canepari,1
Todd Wider,1
Mamoru Oshii,1
Joe Dietsch,1
Gordon Anderson,1
Rebecca Johnson,1
Azfar Jafri,1
Ignacio López Escrivá,1
David Cronenberg,1
Maz Jobrani,1
Ananda Krishnan,1
Jason Lai,1
Nidhi Sharma,1
Wynn Padula,1
Roberta Grossman,1
Baz Luhrmann,1
Gordon Parks,1
Kathleen Hepburn,1
Jaume Collet-Serra,1
Swapnaneel Jayakar,1
Sherif Ismail,1
Adisorn Tresirikasem,1
Tan Bing,1
Gauri Shinde,1
Paul Schrader,1
Max Amini,1
Mark Landre Gould,1
Aijaz Khan,1
Gaëtan Brizzi,1
Rick Morales,1
Vrinda Samartha,1
Craig Gillespie,1
Gavin Yap,1
Destin Daniel Cretton,1
Walter Hill,1
Ludovico Di Martino,1
Nicky Slimting Walker,1
Fabio Ock,1
Shen Chi,1
Stevie Wermers,1
Sinan Akkuş,1
Chris Bolan,1
Onur Bilgetay,1
Harry Elfont,1
Morgan Pehme,1
Ruchi Narain,1
Lars Kaalund,1
Devin Chanda,1
Juliet May,1
QLF,1
Matias Mariani,1
D Ho,1
Valeria Pivato,1
Richard Bates Jr.,1
Nicole Conn,1
Toyin Abraham,1
J. Michael Long,1
Mike Elliott,1
Christopher Chambers,1
Tim Neeves,1
Joshua Marston,1
Jason Bourque,1
Ang Lee,1
David Lean,1
Sam Hargrave,1
Miranda de Pencier,1
Richard van't Riet,1
Saravana Rajendran,1
Nimród Antal,1
Peter McDonnell,1
Matthew Atkinson,1
David Lam,1
Sandi Tan,1
Kevin Phillips,1
Flor Salcedo,1
Gregory Jacobs,1
Jeff Wadlow,1
Matei Dima,1
Umut Kirca,1
Julie Taymor,1
Alex Coletti,1
David Mrnka,1
Rachel Bell,1
Kristin Hanggi,1
Sacha Gervasi,1
Dana Doron,1
Xavier Durringer,1
Joe Lynch,1
Monière,1
Ash Brannon,1
Amir Galvan Cervera,1
Tolga Karaçelik,1
Babak Anvari,1
Jun Falkenstein,1
Paul Greengrass,1
Brian Smrz,1
Tony Bancroft,1
Josh Vietze,1
Iwao Takamoto,1
Ben Steele,1
Olivier Abbou,1
Shlok Sharma,1
Bill Oliver,1
Oliver Blackburn,1
Jonathan A. Rosenbaum,1
J.C. Falcón,1
Grand Corps Malade,1
Kery James,1
Dar Gai,1
Stefano Mordini,1
White Trash Tyler,1
Myles Kane,1
Will Lovelace,1
Ross Hockrow,1
Phillip Youmans,1
Binayak Das,1
Kurt Wimmer,1
Falz,1
Amarpreet G S Chabbra,1
Daniel Ablin,1
Adam Randall,1
Sunil Thakur,1
Greg Whiteley,1
Antoine Bardou-Jacquet,1
Jordana Spiro,1
Tope Alake,1
Michael Civille,1
Dana Nachman,1
Thomas Toby Parkinson,1
Nik Amir Mustapha,1
Ng Ka-Leung,1
Brian M. Conley,1
Paul Shoulberg,1
Francesco Carnesecchi,1
Farhad Safinia,1
Richie Smyth,1
Park Hoon-jung,1
Steve Loter,1
Buddhadev Dasgupta,1
Abby Epstein,1
Vijay Milton,1
V C Abhilash,1
Daniela Goggi,1
Arnab Chaudhuri,1
Sagar Sarhadi,1
Cecilia Peck,1
Kirsten Johnson,1
Marius Arnesen,1
Omung Kumar,1
Claus Wehlisch,1
Clarence Yiu-leung Fok,1
Phil Johnston,1
Derek Peck,1
Rajeev Patil,1
Louise Wardle,1
Abdullah Al Noor,1
Josiah Ng,1
Luis Mandoki,1
Aleksandr Chernyaev,1
Bas van Teylingen,1
Dave Dorsey,1
Wendy Jo Carlton,1
Arjun Jandyala,1
Sai Paranjape,1
Paco Cabezas,1
Nakul Singh Sawhney,1
Byeon Hee-sun,1
Linas Phillips,1
Cosmo Segurson,1
Scot McFadyen,1
Daniel Joseph,1
Wong Fei-Pang,1
Cody Stokes,1
Gary Wang,1
Orson Welles,1
Dan Bush,1
George Mendeluk,1
Adam Leon,1
Jon Reiner,1
Burr Steers,1
Betty Thomas,1
Susan Walter,1
Gary Cohen,1
Louis J. Horvitz,1
Jamal Hill,1
Tom Shadyac,1
Barry Gonzalez,1
V. K. Prakash,1
William H. Macy,1
Guillaume Pierret,1
Neeraj Udhwani,1
Lucas Santa Ana,1
Atlee Kumar,1
Ryan Fleck,1
Bruce MacDonald,1
Sophie Sartain,1
Amit Barot,1
Peter Billingsley,1
Damani Baker,1
Ross Adam,1
Matías Bize,1
John Banas,1
Michael Del Monte,1
Venkatesh Maha,1
Pedro Waddington,1
Jason Stone,1
Miguel Conde,1
Néstor Sánchez Sotelo,1
Richard J Montoya,1
Sergio Goyri Jr.,1
Elissa Down,1
Daisuke Nishio,1
Genndy Tartakovsky,1
Chuck Russell,1
Prime Cruz,1
Anil V. Kumar,1
Eliane Brum,1
Yuen Woo-ping,1
Phuwanit Pholdee,1
Pamela Romanowsky,1
Magdy Al-Hawwary,1
Jeremy Kipp Walker,1
Gustavo Ron,1
Vikram Bhatt,1
Jeff Gill,1
Jean-François Richet,1
Alê Abreu,1
Prakash Balwant Saini,1
Matt D'Elia,1
Jesse Adang,1
Huw Cordey,1
Chris Jenkins,1
Robert Clouse,1
Juani Libonatti,1
Paresh Mokashi,1
Jennifer Lynch,1
Tom Stern,1
Attila Till,1
Radhika Rao,1
Hassan Hegazy,1
Daniel Wilner,1
Arun Vaidyanathan,1
Amber Tamblyn,1
Aniruddha Roy Chowdhury,1
Kireet Khurana,1
Rodney Rothman,1
Anthony Palmer,1
Roly Santos,1
Tanveer Khan,1
Greg Coolidge,1
Adam Sjöberg,1
Rohena Gera,1
Ahishor Solomon,1
Remy Kohli,1
Genevieve Nnaji,1
Robert Nixon,1
Roman Atwood,1
Lee Kirk,1
Visute Poolvoralaks,1
Joseph Cross,1
Ken Kushner,1
"Sam \"Blitz\" Bazawule",1
Marek Piwowski,1
Quek Shio-chuan,1
Kittiphak Thonguam,1
Aatmaram Dharne,1
Julie Dash,1
Johanna Demetrakas,1
Ahmed El Gendy,1
Elizabeth Banks,1
Bruce McDonald,1
Gene Quintano,1
Rachel Griffiths,1
Sam Rega,1
John Voorhees,1
Laura Brownson,1
Farah X,1
David Briggs,1
Ashu Trikha,1
Aziz Ansari,1
Dianne Dreyer,1
Gerry Blaksley,1
Douglas McGrath,1
Heidi Saman,1
Peter Middleton,1
Eduardo Pinto,1
Saurabh Sinha,1
Felix Herngren,1
Mitzi Vanessa Arreola,1
Marwan Hamed,1
Grant Heslov,1
Peggy Holmes,1
Sonny Marler,1
Kyzza Terrazas,1
Henry Selick,1
Parveen Kumar,1
Marek Losey,1
Stephanie Turner,1
Sudipto Roy,1
Richard da Costa,1
Oscar Micheaux,1
Vikram Pradhan,1
Gary Mak,1
Teng Huatao,1
Mahmudul Islam,1
Olivier Loustau,1
Adekunle Nodash Adejuyigbe,1
Inma Torrente,1
Diego Enrique Osorno,1
Eva Orner,1
Shanawaz Nellikunnil,1
Robert Krantz,1
Ivan Sen,1
Shanjey Kumar Perumal,1
Selvamani Selvaraj,1
Fred Cavayé,1
Kurt Voelker,1
Henry Hathaway,1
Yasir Al Yasiri,1
August Jakobsson,1
Anvita Dutt,1
Kumaran,1
Kenny Ortega,1
Anthony Chan,1
Vetri Maaran,1
Girish Joshi,1
Pantham Thongsang,1
Harmony Korine,1
William Kaufman,1
Ari Folman,1
Edward Ellis,1
Gurinder Chadha,1
Junior Carelli,1
Franziska Meyer Price,1
Rick Benattar,1
Phil Lord,1
Stéphane Berla,1
Roberto Santucci,1
Luis Valdez,1
Vinay Sapru,1
Jennifer Siebel Newsom,1
Tatsushi Omori,1
David Lee Miller,1
Hanno Olderdissen,1
M.J. Bassett,1
J.D. Dillard,1
John Carchietta,1
Jarrad Paul,1
David France,1
Kristian Levring,1
Thomas Stuber,1
Rusty Nixon,1
Rana Ranbir,1
Vijay S. Bhanushali,1
Rohan Sippy,1
Lu Yang,1
Dylan Haegens,1
Suman Mukhopadhyay,1
Mathias Malzieu,1
Stephen Herek,1
José Miguel Contreras,1
Alka Amarkant Dubey,1
Nicholas Ray,1
Max Lang,1
Partha Chakraborty,1
Maximilian Erlenwein,1
Benjamin Cohen,1
Robert Aldrich,1
Chris Nelson,1
Trish Sie,1
Peter Chelsom,1
Lin Guan-fu,1
Zoe Lister-Jones,1
Gabriela Cowperthwaite,1
Ethan Hawke,1
Mohsin Ali,1
B. Subhash,1
Jude Okwudiafor Johnson,1
Ah Loong,1
David Mirkin,1
Stuart Stone,1
Darren Grant,1
Amit Roy,1
JP Habac,1
Vanita Shastry,1
Michael Cristofer,1
Joseph Ruben,1
Saheed Arafath,1
Travis Zariwny,1
Frank E. Abney III,1
Birkan Pusa,1
Adrien Lagier,1
Eddie Martin,1
Abbas Tyrewala,1
Espen Sandberg,1
Daniel Arasanz,1
Ding Sheng,1
Nicholas Zeig-Owens,1
Adam Deyoe,1
Kyle Rideout,1
Soumitra Ranade,1
Geoffrey Orthwein,1
Kagiso Lediga,1
Mathieu Auvray,1
Yudai Yamaguchi,1
Taron Lexton,1
Jennifer Baichwal,1
Dennis Bartok,1
Joe Ksander,1
Logan Kibens,1
Isao Yukisada,1
Ryu Jung-woo,1
Ed Perkins,1
Jan Holoubek,1
Patrick Leung,1
Preston A. Whitmore II,1
Larry Elikann,1
Martin Lawrence,1
Vishal Mahadkar,1
Todd S. Yellin,1
Tejas Prabha Vijay Deoskar,1
Anuranjan Premji,1
Al Campbell,1
Ben Ryder,1
Sarjun,1
Stephanie Laing,1
Ekene Som Mekwunye,1
Alfons Adetuyi,1
George Gallo,1
Holger Tappe,1
Jayaraj Rajasekharan Nair,1
Daan Jansen,1
Anand Ravichandran,1
Raj Nidimoru,1
Ester Gould,1
Sean Menard,1
Houssam El-Din Mustafa,1
Rajeev Chaudhari,1
Luis Alberto Restrepo,1
Saurav Palodhi,1
Sedat Kirtan,1
Ignacio Jaunsolo,1
Elle Callahan,1
Charlie Kaufman,1
Umesh Ghadge,1
R.J. Daniel Hanna,1
Cristina Costantini,1
Samir Al Asfory,1
Quinn Kanaly,1
John Lee,1
Kevin Wotton,1
Zuko Nodada,1
José Ortuño,1
Bruce W. Smith,1
Ted Braun,1
Shalini Kantayya,1
Jean-Claude La Marre,1
Gary David Goldberg,1
Christopher Nolan,1
John Stewart Muller,1
John A. Davis,1
Lucy Cohen,1
John Haptas,1
Leopoldo Aguilar,1
Richard Finn,1
Takuya Igarashi,1
Neeraj Vora,1
Jay Lyons,1
Christopher Loren Ewers,1
Jitender Pawar,1
Tekin Girgin,1
Mike Mills,1
Ham Tran,1
Andrés Beltrán,1
Robert Moresco,1
Fred Wolf,1
Barbara Schroeder,1
Luk Kim-ching,1
Gary Andrews,1
James Ivory,1
Paul Tanter,1
Martín Sastre,1
Maradona Dias Dos Santos,1
Rik Reinholdtsen,1
Pali Yahya,1
Mary Harron,1
Nikhil Nagesh Bhat,1
Harry Baweja,1
Paul Krüger,1
Sam Macaroni,1
Nathanael Wiseman,1
Mark Raso,1
John Ridley,1
Shoojit Sircar,1
Saw Teong Hin,1
Hakan Yonat,1
Bette Gordon,1
Jose Mari Goenaga,1
Mir-Jean Bou Chaaya,1
Harvey Lilley,1
Scott Marshall Smith,1
Jon Rudberg,1
Danny J. Boyle,1
Diego Kaplan,1
Gary Ross,1
Grant Sputore,1
Ellen Weissbrod,1
Robyn Butler,1
Sergio Leone,1
Alex Law,1
Alain Gagnol,1
Tom Forrest,1
Michael Carney,1
Michael Arias,1
Einar Gabbassov,1
Andrew Fleming,1
Simon Savelyev,1
Tanit Jitnukul,1
Aaron Lieber,1
Rima Das,1
Florian Gallenberger,1
Alexandre Reinecke,1
Bassam Tariq,1
Jeff Stilson,1
Anand Tiwari,1
Hepi Mita,1
Chris Eigeman,1
Ben A. Williams,1
Sukum Maetawanitch,1
Carlos Sedes,1
Guntur Soeharjanto,1
Vincent Perez,1
Ricardo Maldonado,1
Andrew Wessels,1
Richard Sears,1
Robert Adetuyi,1
David 'Tosh' Gitonga,1
Miguel Arteta,1
Juan Manuel Cotelo,1
Fellipe Barbosa,1
Owen Trevor,1
Fouad El-Mohandes,1
Amshan Kumar,1
Parthiban,1
Miguel Ángel Lamata,1
Peter Lord,1
Tom Fassaert,1
Yanyong Kuruaungkoul,1
Kaspar Astrup Schröder,1
Akram Farouk,1
Raoul Peck,1
Kasper Collin,1
Judah Friedlander,1
Brian Helgeland,1
Sebastian Jones,1
Ticoy Rodriguez,1
Liz Plonka,1
Lesli Linka Glatter,1
Martin Wood,1
Bhushan Patel,1
Pierfrancesco Diliberto,1
Farhan Alam,1
Mohamed al Salman,1
Julio Medem,1
Leif Tilden,1
Maciej Dejczer,1
César Rodrigues,1
Matthew Hope,1
Hubert Woroniecki,1
Chris Perkel,1
Dani de la Torre,1
Michael Polish,1
Raaghav Dar,1
Yu Yang,1
Mahmood Farooqui,1
Brandon Jones,1
Pete Jacobs,1
Glen Winter,1
Carly Stone,1
Renato De Maria,1
Marti Noxon,1
Brad Rothschild,1
Gary Young,1
Juan José Campanella,1
Bernard Rose,1
James Lee,1
Mark Helfrich,1
Steve Greenwood,1
Daniel McCabe,1
Henry Joost,1
Chris Roland,1
Chris Koch,1
Clay Kaytis,1
Shadae Lamar Smith,1
John R. Leonetti,1
Cyrus Nowrasteh,1
Pawan Kumar,1
Ben Kasulke,1
Brendan Toller,1
Eeshwar Nivas,1
Matt Toronto,1
Keith L. Smith,1
Hiroshi Katagiri,1
Bruce Leddy,1
Salim Akil,1
Brit McAdams,1
Alfonso Arau,1
Sacha Wolff,1
Lana Wilson,1
Frasco Mortiz,1
Keenen Ivory Wayans,1
Krishna Vamshi,1
Ian Samuels,1
Mangesh Kanthale,1
Elliot Silverstein,1
Paco Arango,1
Sarah Kruchowski,1
Christopher Cain,1
Teddy Lussi-Modeste,1
Fabrizio Copano,1
Müfit Can Saçıntı,1
Erik Matti,1
Gabriela García Rivas,1
Dean Wright,1
Ivan Andrew Payawal,1
Alex Stapleton,1
Dax Shepard,1
Sanjib Dey,1
Avinash Arun,1
Christian Zübert,1
Andy Serkis,1
Rajesh Touchriver,1
Kim Joo-hyung,1
Clay Tweel,1
Beth Sleven,1
Franck Ribière,1
Mike Fleiss,1
Volker Arzt,1
James Woodroffe,1
Shinji Aramaki,1
Bryan Fogel,1
Samir Karnik,1
Cheta Chukwu,1
Swapna Waghmare Joshi,1
Jay Grace,1
Barney Clay,1
Adarsh Eshwarappa,1
Leslye Headland,1
Andrew Bergman,1
Michael Winterbottom,1
Benedict Andrews,1
Harry Chaskin,1
Dave Green,1
Aruna Raje,1
Khalid Mohamed,1
Sandy Chronopoulos,1
Anthony Byrne,1
Kevin Peeples,1
Vandana Kataria,1
Jung-woo Park,1
Felix Starck,1
Dustin Hoffman,1
Matt Whitlock,1
Mark Craig,1
Charlotte Zwerin,1
Chen Hung-yi,1
Joey Curtis,1
Marco Risi,1
Yeo Siew Hua,1
John Erick Dowdle,1
Ayumu Watanabe,1
Tom Edmunds,1
Klaus Erik Okstad,1
Brant Sersen,1
Adam Egypt Mortimer,1
Steve Cheng,1
Andrew Dominik,1
Mike Ezuruonye,1
Anita Barbosa,1
Owen Egerton,1
Jesús Torres Torres,1
Bartosz M. Kowalski,1
Chris Butler,1
Charlie Haskell,1
Stephen Cone,1
Julián Hernández,1
Darin Scott,1
Renata Terra,1
Vasan Bala,1
Liu Bang-yao,1
Mark Rosman,1
Simon Baker,1
Gerard McMurray,1
Carlos Bolado,1
Kookie V. Gulati,1
Matt Reeves,1
David Beier,1
Mark Helenowski,1
Drew Casson,1
Chakri Toleti,1
Sylvain Blais,1
Manatsanun Phanlerdwongsakul,1
Kiran Narayanan,1
Rakesh Ranjan Kumar,1
Kazumi Fukushima,1
Jon Greenhalgh,1
Kyle Patrick Alvarez,1
Laurent Cantet,1
Prashant Nair,1
Anoop Sathyan,1
Paul Serafini,1
John Putch,1
Maris Curran,1
Anas Khan,1
Tom O'Dell,1
Macon Blair,1
Lori Kaye,1
Sam Voutas,1
Massy Tadjedin,1
Janet Tobias,1
Yance Ford,1
Derek Yee,1
Jared Moshé,1
William Friedkin,1
Stephen Hopkins,1
Khalid Kashogi,1
Marc Abraham,1
Marc Levin,1
Éric Warin,1
Ana Quiroga,1
Sonia Kennebeck,1
Nicholaus Goossen,1
Uriel Sinai,1
Chandran Narikode,1
Daryl Hannah,1
Sanjiv Jaiswal,1
Luis Prieto,1
Craig Anderson,1
Fernando Coimbra,1
Nora Twomey,1
Karsten Kiilerich,1
Luc Dardenne,1
Linda Otto,1
Rob McKittrick,1
Kenneth Gyang,1
Devashish Makhija,1
Mohamed Khan,1
Joey Kern,1
Lev L. Spiro,1
Kirk Wise,1
Todd Standing,1
Habib Faisal,1
Ryuichi Yagi,1
Ivan Silvestrini,1
Randal Kleiser,1
Allan Ungar,1
Javier Ambrossi,1
Giulio Base,1
Roy Allen Smith,1
Tom Whitworth,1
Josh Izenberg,1
Glenn Miller,1
Peter Ramsey,1
Jonathan Glazer,1
Benjamin Weill,1
Marco Deufemia,1
Bille August,1
David Lowery,1
Biswajeet Bora,1
Mitch Gould,1
Ben Shelton,1
Guilherme Fontes,1
Tanuj Bhramar,1
Katy Chevigny,1
Marcus Nispel,1
Camille Shooshani,1
Fabio Resinaro,1
Vivek Wagh,1
Krishnendu Chattopadhyay,1
Henry Thurlow,1
Michael Samuels,1
John Herzfeld,1
Ossama Abu El Atta,1
Akin Omotoso,1
Shravan Kumar,1
Stuart Rosenberg,1
Rodrigo Toro,1
Gautier & Leduc,1
Gary Binkow,1
Josh Z. Weinstein,1
Will Graham,1
Nelson McCormick,1
Michael Tolajian,1
Alex Gibney,1
Blair Hayes,1
Ryan Moody,1
Chan-sang Lim,1
John Musker,1
Steve Barker,1
Nekfeu,1
Isaac Florentine,1
Otilia Portillo Padua,1
Tarek Abdel Moaty,1
Robert Osman,1
Matthew Miele,1
Susannah Heath-Eves,1
Musthafa,1
Pablo D'Alo Abba,1
Lee Kyoungmi,1
Manish Gupta,1
Jakob Schuh,1
R. Kannan,1
Alex Winter,1
Moinak Biswas,1
Chow Kwun-wai,1
Ariel Vromen,1
Paul Munger,1
Henry Sarwer-Foner,1
Richard Curtis,1
Alfonso Serrano Maturino,1
Rarecho,1
Michael McNamara,1
Daniel Gordon,1
Yasushi Muraki,1
Kevin Kolsch,1
Madhumita,1
Jazz Boon,1
Jean-Simon Chartier,1
Sameer Patil,1
Juan Antonio de la Riva,1
Brian Skiba,1
Bumpy,1
Oliver Frampton,1
Alex Smith,1
Trevor Ryan,1
Andrea Arnold,1
Juan Camilo Pinzon,1
Keiko Yagi,1
Yeung Yat-Tak,1
Kate Melville,1
Dean DeBlois,1
Maria Demeshkina Peek,1
Robb Dipple,1
Diego Luna,1
Nathaniel Warsh,1
Kanwal Sethi,1
Johnny Castuciano,1
Ahsan Rahim,1
Ding-Lin Wang,1
Keith Fulton,1
Rolfe Kanefsky,1
John Mikulak,1
Terry George,1
Alan Yang,1
John Michael McDonagh,1
Antoni Krauze,1
Indrajit Nattoji,1
Picky Talarico,1
Justin Pemberton,1
Drue Metz,1
Gagan Puri,1
Le Van Kiet,1
Glenn Weiss,1
Gordon Chan,1
Sam de Jong,1
Jayaprakash Radhakrishnan,1
Ramsey Nouah,1
Bharat Nalluri,1
David Sampliner,1
Pablo Larraín,1
Yim Pilsung,1
Oliver Schmitz,1
Zune Kwok,1
Jay Russell,1
Amanda Micheli,1
Mike Judge,1
Girish Mohite,1
Manjeet Maan,1
Steve Saint Leger,1
Mat Whitecross,1
Tim Skousen,1
Mitch Dickman,1
Stefon Bristol,1
Reginald Hudlin,1
Kevin Ford,1
Ellen Page,1
Kevin Deters,1
Mike Rossiter,1
Manop Janjarasskul,1
Lee Yoon-jung,1
Rachel Mason,1
Nick Mead,1
Tolu Awobiyi,1
Alice Mathias,1
Denis Villeneuve,1
Nirpal Bhogal,1
Rakshith Thirthahalli,1
Justin Krook,1
Leandro Mark,1
Karim El Sobky,1
Lydia Dean Pilcher,1
Kelly Duane de la Vega,1
Jakob Lass,1
Fredric Lean,1
Casey Suchan,1
Niall Johnson,1
Sarah Smith,1
Justin Lee,1
Park Joon-hwa,1
David McCracken,1
Jonathan Milott,1
Amara Cash,1
Jayan Moodley,1
Melanie Mayron,1
Enrico Bisi,1
Paakhi Tyrewala,1
Bhavik Thakore,1
Robin Aubert,1
Julien Seri,1
Domenico de Feudis,1
Robert Berlinger,1
Philip Einstein Lipski,1
Jonás Trueba,1
Austin Stark,1
Roger Spottiswoode,1
Younuts!,1
Nathan Greno,1
Scott Waugh,1
Juliana Vicente,1
Liu Yi,1
Ajithkumar,1
Carlos Therón,1
Vinil Mathew,1
Lee Daniels,1
Stinus Morell Vithner,1
Dani Levy,1
Nana Ekvtimishvili,1
A. Salaam,1
Advait Chandan,1
Eshom Nelms,1
Svati Chakravarty Bhatkal,1
Iman Brotoseno,1
Álvaro Brechner,1
David Oelhoffen,1
Pepe Bojórquez,1
Gabriela Tagliavini,1
Sharan Sharma,1
Will Allen,1
Ken Marino,1
Tom O'Brien,1
Pippa Ehrlich,1
Atsuko Ishizuka,1
John H. Lee,1
Monique Gardenberg,1
Kevin Munroe,1
Marc Vigil,1
David Chuang,1
Yoon Sung-hyun,1
Fernando Lebrija,1
Chris Baugh,1
Yarrow Cheney,1
Sonny Mallhi,1
Seth Gordon,1
Henrik Ruben Genz,1
Scott Cooper,1
Eleonore Pourriat,1
Billy Lyons,1
Rob LaDuca,1
Frank W Chen,1
Donald Petrie,1
Luke Sparke,1
Adam Schlesinger,1
Tariq Khan,1
Jody Hill,1
Jesse Vile,1
Agustí Villaronga,1
Agasyah Karim,1
Jason Priestley,1
Dylan Mohan Gray,1
Nobuyuki Takeuchi,1
Alberto Arnaut Estrada,1
Shady Ali,1
Samuel D. Pollard,1
Sophie Robinson,1
Syed Atif Ali,1
Jean-Loup Felicioli,1
Marc Pons,1
Lennart Ruff,1
Rikhil Bahadur,1
Shane Acker,1
Victor Levin,1
Lilibet Foster,1
Amy Segal,1
Ahmet Katıksız,1
Jesse Gustafson,1
Michael Mason,1
Jeffrey Schwarz,1
Tony Leondis,1
Wayne Orr,1
Luke Kenny,1
Marcelo Altmark,1
Tony Collingwood,1
Timothy Reckart,1
Norton Virgien,1
Ganesh Kadam,1
Mark Harris,1
Bedabrata Pain,1
Stefan Brogren,1
Brandon Somerhalder,1
Icíar Bollaín,1
Sonia Dauger,1
Malik Nejer,1
James Hawes,1
James Barr,1
Kim Sung-hoon,1
Blayne Weaver,1
Eduardo Mendoza de Echave,1
Mike Diva,1
Richard Loncraine,1
Andrucha Waddington,1
Angelika Sigl,1
Raja Chanda,1
Andreas Johnsen,1
Gary Wheeler,1
Marla M. Ancheta,1
Vincente Minnelli,1
Paul M. Green,1
Oliver Kienle,1
Mohammed Saeed Harib,1
Suresh Pillai,1
Mijke de Jong,1
Mamoru Hosoda,1
Eric Khoo,1
Craig Moss,1
Michael Margolis,1
Fazila Allana,1
Xavier Manrique,1
Jon Watts,1
Hsu Chih-yen,1
Elaine Bogan,1
Jared Stern,1
Asim Raza,1
Sudip Bandyopadhyay,1
Iain Softley,1
Joachim Rønning,1
Jacob LaMendola,1
Jami,1
Sam Fell,1
Jennie Livingston,1
Ramesh Sippy,1
Oren Uziel,1
John Maclean,1
Chang Chin-jung,1
Jennifer Brea,1
Burhan Qurbani,1
Elizabeth Wood,1
Michael Curtiz,1
Tenzing Sonam,1
Amy Poehler,1
Evgeny Afineevsky,1
Shady Hanna,1
Lawrence Kasdan,1
Pierre Deschamps,1
David Guy Levy,1
Mel Stuart,1
Abhinav Shiv Tiwari,1
Alicky Sussman,1
Kranthi Madhav,1
Paul Raschid,1
Sabaah Folayan,1
Saket Behl,1
Seyi Babatope,1
Theo Davies,1
Ritu Sarin,1
Cyrus Saidi,1
Debra Granik,1
Brent Bonacorso,1
Storm Theunissen,1
Sudhish Kamath,1
Gonzalo Bendala,1
Steve Bencich,1
Huang Lei,1
Joe Swanberg,1
Anatole Litvak,1
Megha Ramaswamy,1
Nick Moore,1
Nalan Kumarasamy,1
Gurmmeet Singh,1
Lee Toland Krieger,1
Shaun Mir,1
Roxanne Benjamin,1
Wyatt Cenac,1
James Brown,1
Drew Stone,1
Morgan Matthews,1
Pablo Stoll,1
Tudor Giurgiu,1
Milla Harrison-Hansley,1
Kirati Nakintanon,1
Floyd Russ,1
Rebecca Harrison,1
Tolga Örnek,1
Dhruv Dhawan,1
David Lynch,1
Annie Clark,1
Christian De Vita,1
Bart Freundlich,1
Laura Mulleavy,1
Mark Risley,1
Raja Sen,1
Adrian Murray,1
Michael Fahey,1
Peter DeLuise,1
Ulrike Kofler,1
Laura Terruso,1
Kim Dong-kyu,1
Jeremy Rush,1
Y. Joon Chung,1
Juan Pablo Rebella,1
Mu Chu,1
Pascale Lamche,1
Zsolt Pálfi,1
Yasir Nawaz,1
Hemant Gaba,1
Jovanka Vuckovic,1
Karen Maine,1
Anjum Shahzad,1
Josh Mendoza,1
Mohamed Diab,1
Izidore K. Musallam,1
N. Chandra,1
Abu Bakr Shawky,1
Fritz Böhm,1
Rajshree Ojha,1
Salvador Espinosa,1
Peter Spierig,1
Miguel Ángel Vivas,1
Daniel Monzón,1
Alexandre Espigares,1
Neville Shah,1
Kate Mulleavy,1
Sooni Taraporevala,1
Zach Braff,1
Sung Do-jun,1
Rosa Márquez,1
Paul Dano,1
Michael Blieden,1
Yoo Byung-jae,1
Ivona Juka,1
Damon Davis,1
Amanda Raymond,1
Marta Jaenes,1
Chandra Liow,1
Christopher Louie,1
Mathew Orzel,1
Marek Kanievska,1
Majid Al Ansari,1
Michael Spierig,1
Funke Akindele,1
Heidi Brandenburg,1
Liu Kuang-hui,1
Tommy Wirkola,1
Chandra Prakash Dwivedi,1
Sandeep Mohan,1
Colin Minihan,1
